OBJECTID,description,class,name,commodities,operational,state,feature_date,revised,longitude,latitude,alumina,aluminium,ammonia,antimony,bauxite,coal,copper___concentrate,copper___ore,copper___refined,crude_oil,fertiliser,garnet,gold,gypsum,heavy_mineral_sands,illmenite,iron_ore,lead___concentrate,lead___ore,lead___refined,limestone,liquid_natural_gas,lithium,magnetite,manganese,nickel,oil_and_petroleum,paragoethite,phosphate,platinum_group_elements,potash,salt,scrap_metal,silica_sands,silver,sinter,steel,sulphuric_acid,talc,tantalum,tin,tungsten,uranium,zinc____concentrate,zinc___ore,zinc___refined,globalid,x,y
1,A facility where maritime vessels have the ability to load and unload commodities,Commodity,Abbot Point,Coal,Operational,Queensland,1/1/2007 12:00:00 AM,7/28/2014 12:00:00 AM,148.08333,-19.88333,No,No,No,No,No,Yes,No,No,No,No,No,No,No,No,No,No,No,No,No,No,No,No,No,No,No,No,No,No,No,No,No,No,No,No,No,No,No,No,No,No,No,No,No,No,No,No,b2d7b4ba-a7b8-4683-9498-274457b477a9,16484560.8906,-2259214.8735
2,A facility where maritime vessels have the ability to load and unload commodities,Commodity,Albany,Silica Sands,Operational,Western Australia,1/1/2001 12:00:00 AM,7/28/2014 12:00:00 AM,117.88924,-35.03078,No,No,No,No,No,No,No,No,No,No,No,No,No,No,No,No,No,No,No,No,No,No,No,No,No,No,No,No,No,No,No,No,No,Yes,No,No,No,No,No,No,No,No,No,No,No,No,7a642a2e-d6a1-477e-ab50-13d3fd1a2285,13123370.1668,-4168064.8102
3,A facility where maritime vessels have the ability to load and unload commodities,Commodity,Ardrossan,,Operational,South Australia,1/1/1999 12:00:00 AM,7/28/2014 12:00:00 AM,137.91678,-34.43709,No,No,No,No,No,No,No,No,No,No,No,No,No,No,No,No,No,No,No,No,No,No,No,No,No,No,No,No,No,No,No,No,No,No,No,No,No,No,No,No,No,No,No,No,No,No,83a62eba-0823-435e-848a-f5b407c9e504,15352825.7214,-4087644.6258
4,A facility where maritime vessels have the ability to load and unload commodities,Commodity,Ashburton (Dampier),"Ammonia, Iron Ore, Liquid Natural Gas, Salt",Operational,Western Australia,,,115.86545,-21.16665,No,No,Yes,No,No,No,No,No,No,No,No,No,No,No,No,No,Yes,No,No,No,No,Yes,No,No,No,No,No,No,No,No,No,Yes,No,No,No,No,No,No,No,No,No,No,No,No,No,No,82b9cb97-c808-43c9-bdca-74dabe748cfa,12898082.8945,-2411760.9493
5,A facility where maritime vessels have the ability to load and unload commodities,Commodity,Barrow Island,,Operational,Western Australia,1/1/2010 12:00:00 AM,7/28/2014 12:00:00 AM,115.46379,-20.78951,No,No,No,No,No,No,No,No,No,No,No,No,No,No,No,No,No,No,No,No,No,No,No,No,No,No,No,No,No,No,No,No,No,No,No,No,No,No,No,No,No,No,No,No,No,No,fe648dd4-7a0f-427f-b9b8-32bfd5dea426,12853370.3079,-2366797.5288
6,A facility where maritime vessels have the ability to load and unload commodities,Commodity,Bell Bay Port,"Aluminium, Bauxite, Manganese, Sinter",Operational,Tasmania,,,146.8839,-41.1602,No,Yes,No,No,Yes,No,No,No,No,No,No,No,No,No,No,No,No,No,No,No,No,No,No,No,Yes,No,No,No,No,No,No,No,No,No,No,Yes,No,No,No,No,No,No,No,No,No,No,f7654032-a7ce-4b4b-b1b5-f2c796612602,16351040.9537,-5035999.921
7,A facility where maritime vessels have the ability to load and unload commodities,Commodity,Bing Bong,,Operational,Northern Territory,1/30/2008 12:00:00 AM,7/28/2014 12:00:00 AM,136.38912,-15.62719,No,No,No,No,No,No,No,No,No,No,No,No,No,No,No,No,No,No,No,No,No,No,No,No,No,No,No,No,No,No,No,No,No,No,No,No,No,No,No,No,No,No,No,No,No,No,2ff4b448-75ef-41f9-8c75-b83247258fa5,15182767.3881,-1761589.2015
8,A facility where maritime vessels have the ability to load and unload commodities,Commodity,Botany Bay,"Alumina, Aluminium, Bauxite, Copper - Concentrate, Copper - Ore, Copper - Refined, Heavy Mineral Sands, Lead - Concentrate, Lead - Ore, Lead - Refined, Liquid Natural Gas, Manganese, Nickel, Oil and Petroleum, Salt, Silica Sands, Zinc  - Concentrate, Zinc - Ore, Zinc - Refined",Operational,New South Wales,1/1/2007 12:00:00 AM,7/28/2014 12:00:00 AM,151.2166,-33.97067,Yes,Yes,No,No,Yes,No,Yes,Yes,Yes,No,No,No,No,No,Yes,No,No,Yes,Yes,Yes,No,Yes,No,No,Yes,Yes,Yes,No,No,No,No,Yes,No,Yes,No,No,No,No,No,No,No,No,No,Yes,Yes,Yes,090bdd74-8e18-439e-ac2c-05916b04a536,16833354.9115,-4024864.4033
9,A facility where maritime vessels have the ability to load and unload commodities,Commodity,Brisbane,"Aluminium, Coal, Heavy Mineral Sands, Liquid Natural Gas, Manganese, Oil and Petroleum, Silica Sands, Steel, Tungsten, Zinc - Refined",Operational,Queensland,1/1/2009 12:00:00 AM,7/28/2014 12:00:00 AM,153.17156,-27.37148,No,Yes,No,No,No,Yes,No,No,No,No,No,No,No,No,Yes,No,No,No,No,No,No,Yes,No,No,Yes,No,Yes,No,No,No,No,No,No,Yes,No,No,Yes,No,No,No,No,Yes,No,No,No,Yes,9b4cef50-d2c7-4188-88ad-979e5aaadd5d,17050980.0632,-3169960.4229
10,A facility where maritime vessels have the ability to load and unload commodities,Commodity,Broome,Oil and Petroleum,Operational,Western Australia,1/1/2011 12:00:00 AM,7/28/2014 12:00:00 AM,122.21253,-18.00359,No,No,No,No,No,No,No,No,No,No,No,No,No,No,No,No,No,No,No,No,No,No,No,No,No,No,Yes,No,No,No,No,No,No,No,No,No,No,No,No,No,No,No,No,No,No,No,619a93b0-453e-4af1-8a1d-11d5eac9a176,13604636.6082,-2037968.7522
11,A facility where maritime vessels have the ability to load and unload commodities,Commodity,Bunbury,"Alumina, Copper - Concentrate, Heavy Mineral Sands, Lithium, Oil and Petroleum, Silica Sands",Operational,Western Australia,1/1/2010 12:00:00 AM,7/28/2014 12:00:00 AM,115.66655,-33.32127,Yes,No,No,No,No,No,Yes,No,No,No,No,No,No,No,Yes,No,No,No,No,No,No,No,Yes,No,No,No,Yes,No,No,No,No,No,No,Yes,No,No,No,No,No,No,No,No,No,No,No,No,dd51a050-7c8e-4272-a795-5b68415a7a79,12875941.4478,-3938025.2359
12,A facility where maritime vessels have the ability to load and unload commodities,Commodity,Bundaberg ,Silica Sands,Operational,Queensland,,,152.38285,-24.77099,No,No,No,No,No,No,No,No,No,No,No,No,No,No,No,No,No,No,No,No,No,No,No,No,No,No,No,No,No,No,No,No,No,Yes,No,No,No,No,No,No,No,No,No,No,No,No,7e1524af-0bf2-4f36-8236-3984d0382a28,16963181.2676,-2847642.0121
13,A facility where maritime vessels have the ability to load and unload commodities,Commodity,Burnie,"Aluminium, Copper - Concentrate, Lead - Concentrate, Magnetite, Silica Sands, Tin, Tungsten, Zinc  - Concentrate, Zinc - Ore",Operational,Tasmania,3/14/2008 12:00:00 AM,7/28/2014 12:00:00 AM,145.91118,-41.05032,No,Yes,No,No,No,No,Yes,No,No,No,No,No,No,No,No,No,No,Yes,No,No,No,No,No,Yes,No,No,No,No,No,No,No,No,No,Yes,No,No,No,No,No,No,Yes,Yes,No,Yes,Yes,No,85804815-3436-46c2-9887-dccf9d59c84d,16242758.2586,-5019766.688
14,A facility where maritime vessels have the ability to load and unload commodities,"Commodity, Military",Cairns,Oil and Petroleum,Operational,Queensland,1/1/2004 12:00:00 AM,7/28/2014 12:00:00 AM,145.78038,-16.92603,No,No,No,No,No,No,No,No,No,No,No,No,No,No,No,No,No,No,No,No,No,No,No,No,No,No,Yes,No,No,No,No,No,No,No,No,No,No,No,No,No,No,No,No,No,No,No,5140506e-b6f9-4bc3-8553-7505adf66ba7,16228197.6692,-1912216.1944
15,A facility where maritime vessels have the ability to load and unload commodities,Commodity,Cape Cuvier,,Operational,Western Australia,1/1/2003 12:00:00 AM,7/28/2014 12:00:00 AM,113.39411,-24.22505,No,No,No,No,No,No,No,No,No,No,No,No,No,No,No,No,No,No,No,No,No,No,No,No,No,No,No,No,No,No,No,No,No,No,No,No,No,No,No,No,No,No,No,No,No,No,b47d7f32-06eb-4524-aeb9-f9f284ef389a,12622974.5842,-2780855.5091
16,A facility where maritime vessels have the ability to load and unload commodities,Commodity,Cape Flattery,Silica Sands,Operational,Queensland,4/15/2008 12:00:00 AM,7/28/2014 12:00:00 AM,145.35266,-14.98353,No,No,No,No,No,No,No,No,No,No,No,No,No,No,No,No,No,No,No,No,No,No,No,No,No,No,No,No,No,No,No,No,No,Yes,No,No,No,No,No,No,No,No,No,No,No,No,d1a49eaa-0d23-4f71-a06e-092053fcd5c1,16180584.0966,-1687302.1042
17,A facility where maritime vessels have the ability to load and unload commodities,Commodity,Cape Preston,Iron Ore,Operational,Western Australia,,,116.20683,-20.84266,No,No,No,No,No,No,No,No,No,No,No,No,No,No,No,No,Yes,No,No,No,No,No,No,No,No,No,No,No,No,No,No,No,No,No,No,No,No,No,No,No,No,No,No,No,No,No,21512a92-5f90-43dd-aca2-d187c5e52695,12936085.1423,-2373127.3319
18,A facility where maritime vessels have the ability to load and unload commodities,Commodity,Christmas Island (Flying Fish Cove),Phosphate ,Operational,Australian Overseas Territory,1/1/2009 12:00:00 AM,7/28/2014 12:00:00 AM,105.67167,-10.42509,No,No,No,No,No,No,No,No,No,No,No,No,No,No,No,No,No,No,No,No,No,No,No,No,No,No,No,No,Yes,No,No,No,No,No,No,No,No,No,No,No,No,No,No,No,No,No,d580a2ea-e306-46d7-8b8c-3a8b4caa6d89,11763316.4957,-1166972.6761
19,A facility where maritime vessels have the ability to load and unload commodities,Commodity,Cocos (Keeling Islands),Phosphate ,Operational,Australian Overseas Territory,1/1/2009 12:00:00 AM,7/28/2014 12:00:00 AM,96.89274,-12.11663,No,No,No,No,No,No,No,No,No,No,No,No,No,No,No,No,No,No,No,No,No,No,No,No,No,No,No,No,Yes,No,No,No,No,No,No,No,No,No,No,No,No,No,No,No,No,No,f1db220e-829d-4d35-830e-1d3c40fbcd6b,10786050.4784,-1358984.5344
20,A facility where maritime vessels have the ability to load and unload commodities,Commodity,Dampier,"Ammonia, Crude Oil, Iron Ore, Liquid Natural Gas, Lithium, Salt",Operational,Western Australia,1/1/2010 12:00:00 AM,7/28/2014 12:00:00 AM,116.70109,-20.66269,No,No,Yes,No,No,No,No,No,No,Yes,No,No,No,No,No,No,Yes,No,No,No,No,Yes,Yes,No,No,No,No,No,No,No,No,Yes,No,No,No,No,No,No,No,No,No,No,No,No,No,No,6f90e4b5-1c7b-4da5-9812-e6461cf3964e,12991105.9138,-2351703.1212
21,A facility where maritime vessels have the ability to load and unload commodities,"Commodity, Military",Darwin,"Illmenite, Liquid Natural Gas, Manganese, Uranium",Operational,Northern Territory,1/1/2005 12:00:00 AM,7/28/2014 12:00:00 AM,130.84527,-12.47116,No,No,No,No,No,No,No,No,No,No,No,No,No,No,No,Yes,No,No,No,No,No,Yes,No,No,Yes,No,No,No,No,No,No,No,No,No,No,No,No,No,No,No,No,No,Yes,No,No,No,8c87403f-92ce-4f03-8ec9-2e8c7cf35fce,14565628.8291,-1399376.9709
22,A facility where maritime vessels have the ability to load and unload commodities,Commodity,Devonport,"Liquid Natural Gas, Oil and Petroleum",Operational,Tasmania,3/14/2008 12:00:00 AM,7/28/2014 12:00:00 AM,146.36631,-41.18003,No,No,No,No,No,No,No,No,No,No,No,No,No,No,No,No,No,No,No,No,No,Yes,No,No,No,No,Yes,No,No,No,No,No,No,No,No,No,No,No,No,No,No,No,No,No,No,No,fe05c2f4-fcb5-44da-a848-1e2fafc922c8,16293423.0985,-5038932.4231
23,A facility where maritime vessels have the ability to load and unload commodities,"Commodity, Military",Eden,,Operational,New South Wales,1/1/1997 12:00:00 AM,7/28/2014 12:00:00 AM,149.92851,-37.10199,No,No,No,No,No,No,No,No,No,No,No,No,No,No,No,No,No,No,No,No,No,No,No,No,No,No,No,No,No,No,No,No,No,No,No,No,No,No,No,No,No,No,No,No,No,No,841a6477-c9b4-4f87-a89e-583e07630972,16689965.3886,-4453332.4286
24,A facility where maritime vessels have the ability to load and unload commodities,Commodity,Esperance,"Copper - Concentrate, Iron Ore, Lithium, Nickel, Potash, Tantalum",Operational,Western Australia,1/1/2003 12:00:00 AM,7/28/2014 12:00:00 AM,121.89836,-33.87233,No,No,No,No,No,No,Yes,No,No,No,No,No,No,No,No,No,Yes,No,No,No,No,No,Yes,No,No,Yes,No,No,No,No,Yes,No,No,No,No,No,No,No,No,Yes,No,No,No,No,No,No,617fb1e8-096e-4505-8a8e-11a5819d2b39,13569663.3637,-4011671.9201
25,A facility where maritime vessels have the ability to load and unload commodities,Commodity,Fremantle,"Alumina, Aluminium, Ammonia, Bauxite, Copper - Concentrate, Copper - Ore, Heavy Mineral Sands, Iron Ore, Lead - Concentrate, Liquid Natural Gas, Lithium, Manganese, Nickel, Oil and Petroleum, Potash, Salt, Silica Sands, Silver, Steel, Zinc  - Concentrate, Zinc - Ore",Operational,Western Australia,1/1/2004 12:00:00 AM,7/28/2014 12:00:00 AM,115.74806,-32.0472,Yes,Yes,Yes,No,Yes,No,Yes,Yes,No,No,No,No,No,No,Yes,No,Yes,Yes,No,No,No,Yes,Yes,No,Yes,Yes,Yes,No,No,No,Yes,Yes,No,Yes,Yes,No,Yes,No,No,No,No,No,No,Yes,Yes,No,3d5e6174-dfaf-44d7-8cff-7a26fff7aaf3,12885015.0995,-3769507.9565
26,A facility where maritime vessels have the ability to load and unload commodities,Commodity,Geelong,"Fertiliser, Oil and Petroleum",Operational,Victoria,1/1/2009 12:00:00 AM,7/28/2014 12:00:00 AM,144.36465,-38.10478,No,No,No,No,No,No,No,No,No,No,Yes,No,No,No,No,No,No,No,No,No,No,No,No,No,No,No,Yes,No,No,No,No,No,No,No,No,No,No,No,No,No,No,No,No,No,No,No,f71af438-9a24-4ef1-8272-c233df2e5a2f,16070599.3265,-4594238.3054
27,A facility where maritime vessels have the ability to load and unload commodities,Commodity,Geraldton,"Copper - Concentrate, Garnet, Heavy Mineral Sands, Iron Ore, Lead - Concentrate, Potash, Talc, Zinc  - Concentrate",Operational,Western Australia,1/1/2002 12:00:00 AM,7/28/2014 12:00:00 AM,114.59309,-28.77461,No,No,No,No,No,No,Yes,No,No,No,No,Yes,No,No,Yes,No,Yes,Yes,No,No,No,No,No,No,No,No,No,No,No,No,Yes,No,No,No,No,No,No,No,Yes,No,No,No,No,Yes,No,No,d4779291-dc7d-407e-8f31-8ad110b58154,12756444.4272,-3346990.0958
28,A facility where maritime vessels have the ability to load and unload commodities,Commodity,Gladstone,"Alumina, Aluminium, Coal, Heavy Mineral Sands, Liquid Natural Gas",Operational,Queensland,1/1/2007 12:00:00 AM,7/28/2014 12:00:00 AM,151.24153,-23.82563,Yes,Yes,No,No,No,Yes,No,No,No,No,No,No,No,No,Yes,No,No,No,No,No,No,Yes,No,No,No,No,No,No,No,No,No,No,No,No,No,No,No,No,No,No,No,No,No,No,No,No,bdc69d7b-38a5-4071-ac65-603c8a085f34,16836130.1064,-2732174.7152
29,A facility where maritime vessels have the ability to load and unload commodities,Commodity,Gove,Bauxite,Operational,Northern Territory,1/30/2008 12:00:00 AM,7/28/2014 12:00:00 AM,136.67832,-12.20134,No,No,No,No,Yes,No,No,No,No,No,No,No,No,No,No,No,No,No,No,No,No,No,No,No,No,No,No,No,No,No,No,No,No,No,No,No,No,No,No,No,No,No,No,No,No,No,15318178-96eb-4339-8c87-721c395f7b14,15214960.9849,-1368630.8049
30,A facility where maritime vessels have the ability to load and unload commodities,"Commodity, Military",Hastings,"Crude Oil, Liquid Natural Gas, Oil and Petroleum, Steel",Operational,Victoria,1/1/2007 12:00:00 AM,7/28/2014 12:00:00 AM,145.21555,-38.34916,No,No,No,No,No,No,No,No,No,Yes,No,No,No,No,No,No,No,No,No,No,No,Yes,No,No,No,No,Yes,No,No,No,No,No,No,No,No,No,Yes,No,No,No,No,No,No,No,No,No,fcf8ce7f-4bf9-47d6-9e4f-819845fd1bba,16165321.0813,-4628868.5126
31,A facility where maritime vessels have the ability to load and unload commodities,Commodity,Hay Point,Coal,Operational,Queensland,1/1/2009 12:00:00 AM,7/29/2014 12:00:00 AM,149.2838,-21.27736,No,No,No,No,No,Yes,No,No,No,No,No,No,No,No,No,No,No,No,No,No,No,No,No,No,No,No,No,No,No,No,No,No,No,No,No,No,No,No,No,No,No,No,No,No,No,No,d7ad78dc-61ae-4075-8cf5-71c9b5362ee2,16618196.5997,-2424981.6998
32,A facility where maritime vessels have the ability to load and unload commodities,Commodity,Herb Elliott Port (Port Hedland),Iron Ore,Operational,Western Australia,,,118.57387,-20.315005,No,No,No,No,No,No,No,No,No,No,No,No,No,No,No,No,Yes,No,No,No,No,No,No,No,No,No,No,No,No,No,No,No,No,No,No,No,No,No,No,No,No,No,No,No,No,No,f62bdcf8-bcf3-43f5-bcaf-bd97af4fe5f1,13199582.8298,-2310385.1684
33,A facility where maritime vessels have the ability to load and unload commodities,Commodity,Hobart,"Fertiliser, Paragoethite, Sulphuric Acid, Zinc - Refined",Operational,Tasmania,1/1/2009 12:00:00 AM,7/29/2014 12:00:00 AM,147.33377,-42.883067,No,No,No,No,No,No,No,No,No,No,Yes,No,No,No,No,No,No,No,No,No,No,No,No,No,No,No,No,Yes,No,No,No,No,No,No,No,No,No,Yes,No,No,No,No,No,No,No,Yes,01d588b9-849d-4ed5-8b8b-dc417dd403f6,16401120.2531,-5294190.3546
34,A facility where maritime vessels have the ability to load and unload commodities,Commodity,Karumba,"Lead - Concentrate, Zinc  - Concentrate",Operational,Queensland,,,140.83023,-17.49386,No,No,No,No,No,No,No,No,No,No,No,No,No,No,No,No,No,Yes,No,No,No,No,No,No,No,No,No,No,No,No,No,No,No,No,No,No,No,No,No,No,No,No,No,Yes,No,No,ee1242ad-250a-494a-9950-84cc023d769d,15677149.4919,-1978389.8404
35,A facility where maritime vessels have the ability to load and unload commodities,Commodity,King Island,,Operational,Tamania,3/14/2008 12:00:00 AM,7/29/2014 12:00:00 AM,144.06018,-40.06512,No,No,No,No,No,No,No,No,No,No,No,No,No,No,No,No,No,No,No,No,No,No,No,No,No,No,No,No,No,No,No,No,No,No,No,No,No,No,No,No,No,No,No,No,No,No,e81dc1dd-f330-48ca-92c1-9613b9c5d539,16036705.8812,-4875409.8577
36,A facility where maritime vessels have the ability to load and unload commodities,Commodity,Klein Port,Limestone,Operational,South Australia,,,137.77,-34.97,No,No,No,No,No,No,No,No,No,No,No,No,No,No,No,No,No,No,No,No,Yes,No,No,No,No,No,No,No,No,No,No,No,No,No,No,No,No,No,No,No,No,No,No,No,No,No,9b4d9c7e-b492-481e-a45b-d688c0060b24,15336486.2466,-4159805.0109
37,A facility where maritime vessels have the ability to load and unload commodities,Commodity,Koolan Island Port,Iron Ore,Operational,Western Australia,,,123.7492,-16.1484,No,No,No,No,No,No,No,No,No,No,No,No,No,No,No,No,Yes,No,No,No,No,No,No,No,No,No,No,No,No,No,No,No,No,No,No,No,No,No,No,No,No,No,No,No,No,No,7b75dccc-27e2-4836-a252-b8f68199ba38,13775697.9301,-1821914.722
38,A facility where maritime vessels have the ability to load and unload commodities,Commodity,Kwinana,"Alumina, Bauxite, Lithium, Oil and Petroleum, Potash",Operational,Western Australia,1/1/2008 12:00:00 AM,7/29/2014 12:00:00 AM,115.75972,-32.24187,Yes,No,No,No,Yes,No,No,No,No,No,No,No,No,No,No,No,No,No,No,No,No,No,Yes,No,No,No,Yes,No,No,No,Yes,No,No,No,No,No,No,No,No,No,No,No,No,No,No,No,47464cfc-7725-482d-89ba-22cb38a77a52,12886313.0848,-3795101.8662
39,A facility where maritime vessels have the ability to load and unload commodities,Commodity,Launceston,,Operational,Tasmania,1/1/2008 12:00:00 AM,7/29/2014 12:00:00 AM,147.12395,-41.42815,No,No,No,No,No,No,No,No,No,No,No,No,No,No,No,No,No,No,No,No,No,No,No,No,No,No,No,No,No,No,No,No,No,No,No,No,No,No,No,No,No,No,No,No,No,No,440e73e3-4833-42ce-af9c-57611667298f,16377763.1975,-5075700.2895
40,A facility where maritime vessels have the ability to load and unload commodities,Commodity,Lucinda,,Operational,Queensland,1/1/2006 12:00:00 AM,7/29/2014 12:00:00 AM,146.33155,-18.5238,No,No,No,No,No,No,No,No,No,No,No,No,No,No,No,No,No,No,No,No,No,No,No,No,No,No,No,No,No,No,No,No,No,No,No,No,No,No,No,No,No,No,No,No,No,No,caef9584-a8ec-4c4e-b7e0-117a9c1701dd,16289553.633,-2098950.5087
41,A facility where maritime vessels have the ability to load and unload commodities,Commodity,Mackay,Fertiliser,Operational,Queensland,1/1/2009 12:00:00 AM,7/29/2014 12:00:00 AM,149.22263,-21.106788,No,No,No,No,No,No,No,No,No,No,Yes,No,No,No,No,No,No,No,No,No,No,No,No,No,No,No,No,No,No,No,No,No,No,No,No,No,No,No,No,No,No,No,No,No,No,No,2f8c481e-d3f2-4620-bbbf-ddffd3a7bd2a,16611387.1864,-2404616.4805
42,A facility where maritime vessels have the ability to load and unload commodities,Commodity,Melbourne,"Aluminium, Antimony, Coal, Copper - Refined, Lead - Refined, Liquid Natural Gas, Oil and Petroleum, Steel, Zinc - Refined",Operational,Victoria,1/1/2009 12:00:00 AM,7/29/2014 12:00:00 AM,144.91585,-37.817451,No,Yes,No,Yes,No,Yes,No,No,Yes,No,No,No,No,No,No,No,No,No,No,Yes,No,Yes,No,No,No,No,Yes,No,No,No,No,No,No,No,No,No,Yes,No,No,No,No,No,No,No,No,Yes,0dc2e629-fdf6-405e-b26a-48bc0a719e4e,16131958.6299,-4553669.7612
43,A facility where maritime vessels have the ability to load and unload commodities,Commodity,Milner Bay (Groote Eylandt),,Operational,Northern Territory,1/30/2008 12:00:00 AM,7/29/2014 12:00:00 AM,136.41979,-13.85912,No,No,No,No,No,No,No,No,No,No,No,No,No,No,No,No,No,No,No,No,No,No,No,No,No,No,No,No,No,No,No,No,No,No,No,No,No,No,No,No,No,No,No,No,No,No,3e302705-671f-433e-bc08-c261e7a4eaac,15186181.5569,-1558058.6903
44,A facility where maritime vessels have the ability to load and unload commodities,Commodity,Mourilyan Harbour,,Operational,Queensland,1/1/2004 12:00:00 AM,7/29/2014 12:00:00 AM,146.12453,-17.59959,No,No,No,No,No,No,No,No,No,No,No,No,No,No,No,No,No,No,No,No,No,No,No,No,No,No,No,No,No,No,No,No,No,No,No,No,No,No,No,No,No,No,No,No,No,No,1ebb9b47-5f70-4f1f-aaf1-6dde2b432f86,16266508.272,-1990734.009
45,A facility where maritime vessels have the ability to load and unload commodities,Commodity,Newcastle,"Aluminium, Ammonia, Coal, Copper - Concentrate, Lead - Concentrate, Manganese, Silica Sands, Steel, Zinc  - Concentrate",Operational,New South Wales,1/1/1998 12:00:00 AM,7/29/2014 12:00:00 AM,151.77185,-32.91538,No,Yes,Yes,No,No,Yes,Yes,No,No,No,No,No,No,No,No,No,No,Yes,No,No,No,No,No,No,Yes,No,No,No,No,No,No,No,No,Yes,No,No,Yes,No,No,No,No,No,No,Yes,No,No,9d2a1bdc-d190-4fbd-ae85-ffba336efa75,16895165.0588,-3884077.4525
46,A facility where maritime vessels have the ability to load and unload commodities,Commodity,Onslow (Ashburton),,Operational,Western Australia,1/1/2009 12:00:00 AM,7/29/2014 12:00:00 AM,115.10122,-21.63765,No,No,No,No,No,No,No,No,No,No,No,No,No,No,No,No,No,No,No,No,No,No,No,No,No,No,No,No,No,No,No,No,No,No,No,No,No,No,No,No,No,No,No,No,No,No,1cb02076-0649-4841-9713-5f3d1d52f21a,12813009.2001,-2468075.9879
47,A facility where maritime vessels have the ability to load and unload commodities,Commodity,Port Adelaide,"Copper - Concentrate, Heavy Mineral Sands, Scrap Metal, Uranium",Operational,South Australia,1/1/2011 12:00:00 AM,7/29/2014 12:00:00 AM,138.5063,-34.83067,No,No,No,No,No,No,Yes,No,No,No,No,No,No,No,Yes,No,No,No,No,No,No,No,No,No,No,No,No,No,No,No,No,No,Yes,No,No,No,No,No,No,No,No,No,Yes,No,No,No,c48f9f77-b552-4537-aef7-4b279ea8e356,15418450.7877,-4140893.6166
48,A facility where maritime vessels have the ability to load and unload commodities,Commodity,Port Alma,,Operational,Queensland,1/1/2004 12:00:00 AM,7/29/2014 12:00:00 AM,150.86283,-23.58269,No,No,No,No,No,No,No,No,No,No,No,No,No,No,No,No,No,No,No,No,No,No,No,No,No,No,No,No,No,No,No,No,No,No,No,No,No,No,No,No,No,No,No,No,No,No,d4f525e5-3a46-4549-967e-eb21a9a06e4b,16793973.4152,-2702638.8934
49,A facility where maritime vessels have the ability to load and unload commodities,Commodity,Port Bonython,Liquid Natural Gas,Operational,South Australia,1/1/2010 12:00:00 AM,7/29/2014 12:00:00 AM,137.76418,-32.9925,No,No,No,No,No,No,No,No,No,No,No,No,No,No,No,No,No,No,No,No,No,Yes,No,No,No,No,No,No,No,No,No,No,No,No,No,No,No,No,No,No,No,No,No,No,No,No,2ea4e1df-f998-4843-b8b8-d43c38cc5e96,15335838.3672,-3894308.5061
50,A facility where maritime vessels have the ability to load and unload commodities,Commodity,Port Exmouth,,Operational,Western Australia,1/1/2005 12:00:00 AM,7/29/2014 12:00:00 AM,114.18925,-21.81631,No,No,No,No,No,No,No,No,No,No,No,No,No,No,No,No,No,No,No,No,No,No,No,No,No,No,No,No,No,No,No,No,No,No,No,No,No,No,No,No,No,No,No,No,No,No,86422d6d-2cb4-4240-adc6-20f496bf1a7c,12711489.1641,-2489485.2908
51,A facility where maritime vessels have the ability to load and unload commodities,Commodity,Port Giles,,Operational,South Australia,1/1/1999 12:00:00 AM,7/29/2014 12:00:00 AM,137.76132,-35.02219,No,No,No,No,No,No,No,No,No,No,No,No,No,No,No,No,No,No,No,No,No,No,No,No,No,No,No,No,No,No,No,No,No,No,No,No,No,No,No,No,No,No,No,No,No,No,37d99fe5-15e7-432e-8390-f7c0bbfb7e98,15335519.9934,-4166897.0855
52,A facility where maritime vessels have the ability to load and unload commodities,Commodity,Port Hedland ,"Copper - Concentrate, Iron Ore, Lithium, Manganese, Salt, Tantalum",Operational,Western Australia,1/1/2004 12:00:00 AM,7/29/2014 12:00:00 AM,118.57387,-20.315005,No,No,No,No,No,No,Yes,No,No,No,No,No,No,No,No,No,Yes,No,No,No,No,No,Yes,No,Yes,No,No,No,No,No,No,Yes,No,No,No,No,No,No,No,Yes,No,No,No,No,No,No,7126efd5-c0a3-4145-bcaf-850a87882722,13199582.8298,-2310385.1684
53,A facility where maritime vessels have the ability to load and unload commodities,Commodity,Port Kembla,"Copper - Concentrate, Steel",Operational,New South Wales,1/1/1998 12:00:00 AM,7/29/2014 12:00:00 AM,150.89045,-34.45455,No,No,No,No,No,No,Yes,No,No,No,No,No,No,No,No,No,No,No,No,No,No,No,No,No,No,No,No,No,No,No,No,No,No,No,No,No,Yes,No,No,No,No,No,No,No,No,No,4bd3e0ca-0c60-4da3-99a7-5a7ecf99af2c,16797048.0596,-4090001.5183
54,A facility where maritime vessels have the ability to load and unload commodities,Commodity,Port Latta,Iron Ore,Operational,Tasmania,1/1/2006 12:00:00 AM,7/29/2014 12:00:00 AM,145.38227,-40.85045,No,No,No,No,No,No,No,No,No,No,No,No,No,No,No,No,Yes,No,No,No,No,No,No,No,No,No,No,No,No,No,No,No,No,No,No,No,No,No,No,No,No,No,No,No,No,No,8e701ad0-862b-4957-8b8b-a3dafa3e2dab,16183880.2668,-4990308.0353
55,A facility where maritime vessels have the ability to load and unload commodities,Commodity,Port Lincoln,,Operational,South Australia,1/1/2009 12:00:00 AM,7/29/2014 12:00:00 AM,135.86951,-34.72168,No,No,No,No,No,No,No,No,No,No,No,No,No,No,No,No,No,No,No,No,No,No,No,No,No,No,No,No,No,No,No,No,No,No,No,No,No,No,No,No,No,No,No,No,No,No,ad19944b-b802-4e9c-aea6-136bdbab0a39,15124924.6675,-4126122.5977
56,A facility where maritime vessels have the ability to load and unload commodities,Commodity,Port Melville ,Illmenite,Operational,Northern Territory ,,,130.4212,-11.4215,No,No,No,No,No,No,No,No,No,No,No,No,No,No,No,Yes,No,No,No,No,No,No,No,No,No,No,No,No,No,No,No,No,No,No,No,No,No,No,No,No,No,No,No,No,No,No,022526cf-32d0-4eae-a23e-e06e180e59e5,14518421.5726,-1279940.8168
57,A facility where maritime vessels have the ability to load and unload commodities,Commodity,Port Pirie,"Scrap Metal, Sulphuric Acid, Zinc  - Concentrate",Operational,South Australia,1/1/1999 12:00:00 AM,7/29/2014 12:00:00 AM,138.0139,-33.18032,No,No,No,No,No,No,No,No,No,No,No,No,No,No,No,No,No,No,No,No,No,No,No,No,No,No,No,No,No,No,No,No,Yes,No,No,No,No,Yes,No,No,No,No,No,Yes,No,No,f376c52b-b274-45bf-acc6-7ea634f11a83,15363637.0704,-3919262.9591
58,A facility where maritime vessels have the ability to load and unload commodities,Commodity,Port Stanvac,,Operational,South Australia,1/1/2009 12:00:00 AM,7/29/2014 12:00:00 AM,138.47169,-35.11048,No,No,No,No,No,No,No,No,No,No,No,No,No,No,No,No,No,No,No,No,No,No,No,No,No,No,No,No,No,No,No,No,No,No,No,No,No,No,No,No,No,No,No,No,No,No,058c833a-69ea-4058-8542-b1cfe86a9662,15414598.0201,-4178905.0888
59,A facility where maritime vessels have the ability to load and unload commodities,Commodity,Port Walcott (Cape Lambert),Iron Ore,Operational,Western Australia,1/1/2005 12:00:00 AM,7/29/2014 12:00:00 AM,117.17867,-20.59587,No,No,No,No,No,No,No,No,No,No,No,No,No,No,No,No,Yes,No,No,No,No,No,No,No,No,No,No,No,No,No,No,No,No,No,No,No,No,No,No,No,No,No,No,No,No,No,f3efe7db-a870-493d-bb41-ec5d0f8a83fb,13044269.8762,-2343755.1236
60,A facility where maritime vessels have the ability to load and unload commodities,Commodity,Portland,"Aluminium, Heavy Mineral Sands",Operational,Victoria,1/1/2003 12:00:00 AM,7/29/2014 12:00:00 AM,141.61508,-38.35179,No,Yes,No,No,No,No,No,No,No,No,No,No,No,No,Yes,No,No,No,No,No,No,No,No,No,No,No,No,No,No,No,No,No,No,No,No,No,No,No,No,No,No,No,No,No,No,No,661a57ac-f21a-4c3e-b170-baff04fb6edf,15764518.5942,-4629241.8345
61,A facility where maritime vessels have the ability to load and unload commodities,Commodity,Rapid Bay,,Operational,South Australia,1/1/2005 12:00:00 AM,7/29/2014 12:00:00 AM,138.1855,-35.52339,No,No,No,No,No,No,No,No,No,No,No,No,No,No,No,No,No,No,No,No,No,No,No,No,No,No,No,No,No,No,No,No,No,No,No,No,No,No,No,No,No,No,No,No,No,No,8266a9a4-c60a-4e50-97c8-d0d3a192953f,15382739.495,-4235237.2003
62,A facility where maritime vessels have the ability to load and unload commodities,Commodity,Skardon River,Bauxite,Operational,Queensland,,,142.0703,-11.75819,No,No,No,No,Yes,No,No,No,No,No,No,No,No,No,No,No,No,No,No,No,No,No,No,No,No,No,No,No,No,No,No,No,No,No,No,No,No,No,No,No,No,No,No,No,No,No,c11321ca-9e36-485a-b36a-eab6e8a1da31,15815193.4528,-1318201.129
63,A facility where maritime vessels have the ability to load and unload commodities,"Commodity, Military",Sydney,,Operational,New South Wales,1/1/2007 12:00:00 AM,7/29/2014 12:00:00 AM,151.190688,-33.86068,No,No,No,No,No,No,No,No,No,No,No,No,No,No,No,No,No,No,No,No,No,No,No,No,No,No,No,No,No,No,No,No,No,No,No,No,No,No,No,No,No,No,No,No,No,No,30c821e5-2476-4ace-97d7-b5f6ab1b893b,16830470.4008,-4010110.0601
64,A facility where maritime vessels have the ability to load and unload commodities,Commodity,Thevenard,"Gypsum, Heavy Mineral Sands, Salt",Operational,South Australia,1/1/2009 12:00:00 AM,7/29/2014 12:00:00 AM,133.64382,-32.14867,No,No,No,No,No,No,No,No,No,No,No,No,No,Yes,Yes,No,No,No,No,No,No,No,No,No,No,No,No,No,No,No,No,Yes,No,No,No,No,No,No,No,No,No,No,No,No,No,No,4f46966c-5e8d-4dd9-b274-b1b180e54160,14877161.9901,-3782841.735
65,A facility where maritime vessels have the ability to load and unload commodities,Commodity,Thursday Island,,Operational,Queensland,6/21/2008 12:00:00 AM,7/29/2014 12:00:00 AM,142.22131,-10.58509,No,No,No,No,No,No,No,No,No,No,No,No,No,No,No,No,No,No,No,No,No,No,No,No,No,No,No,No,No,No,No,No,No,No,No,No,No,No,No,No,No,No,No,No,No,No,0f2a79cc-8c5b-4f3a-b99b-9ca5bfd8f9b8,15832003.8092,-1185087.4273
66,A facility where maritime vessels have the ability to load and unload commodities,Commodity,Townsville,"Copper - Concentrate, Copper - Refined, Lead - Concentrate, Lead - Refined, Zinc  - Concentrate, Zinc - Refined",Operational,Queensland,1/1/2004 12:00:00 AM,7/29/2014 12:00:00 AM,146.8307,-19.25312,No,No,No,No,No,No,Yes,No,Yes,No,No,No,No,No,No,No,No,Yes,No,Yes,No,No,No,No,No,No,No,No,No,No,No,No,No,No,No,No,No,No,No,No,No,No,No,Yes,No,Yes,09bcf5e7-ec5a-4ea3-9847-f4ffd27d6959,16345118.7568,-2184759.4795
67,A facility where maritime vessels have the ability to load and unload commodities,Commodity,Useless Loop,,Operational,Western Australia,1/1/2007 12:00:00 AM,7/29/2014 12:00:00 AM,113.41456,-26.09021,No,No,No,No,No,No,No,No,No,No,No,No,No,No,No,No,No,No,No,No,No,No,No,No,No,No,No,No,No,No,No,No,No,No,No,No,No,No,No,No,No,No,No,No,No,No,055aece1-060f-4382-b078-03a7ae01bf1b,12625251.0677,-3010258.1349
68,A facility where maritime vessels have the ability to load and unload commodities,Commodity,Utah Point (Port Hedland),"Iron Ore, Lithium",Operational,Western Australia,,,118.56296,-20.30427,No,No,No,No,No,No,No,No,No,No,No,No,No,No,No,No,Yes,No,No,No,No,No,Yes,No,No,No,No,No,No,No,No,No,No,No,No,No,No,No,No,No,No,No,No,No,No,No,659cfdd3-7513-4cb5-8fa2-ee22ce141226,13198368.3341,-2309110.9353
69,A facility where maritime vessels have the ability to load and unload commodities,Commodity,Varanus Island,,Operational,Western Australia,1/1/2010 12:00:00 AM,7/29/2014 12:00:00 AM,115.57519,-20.655187,No,No,No,No,No,No,No,No,No,No,No,No,No,No,No,No,No,No,No,No,No,No,No,No,No,No,No,No,No,No,No,No,No,No,No,No,No,No,No,No,No,No,No,No,No,No,b797e066-e13d-4dc5-9150-84126b81da9c,12865771.2991,-2350810.4925
70,A facility where maritime vessels have the ability to load and unload commodities,Commodity,Wallaroo,Limestone,Operational,South Australia,1/1/1999 12:00:00 AM,7/29/2014 12:00:00 AM,137.619638,-33.929309,No,No,No,No,No,No,No,No,No,No,No,No,No,No,No,No,No,No,No,No,Yes,No,No,No,No,No,No,No,No,No,No,No,No,No,No,No,No,No,No,No,No,No,No,No,No,No,51e7c62b-0494-4243-aeb1-83796030d249,15319748.0253,-4019313.897
71,A facility where maritime vessels have the ability to load and unload commodities,Commodity,Weipa,Bauxite,Operational,Queensland,1/1/2009 12:00:00 AM,7/29/2014 12:00:00 AM,141.869774,-12.670426,No,No,No,No,Yes,No,No,No,No,No,No,No,No,No,No,No,No,No,No,No,No,No,No,No,No,No,No,No,No,No,No,No,No,No,No,No,No,No,No,No,No,No,No,No,No,No,9ba43acc-0267-4ad5-a4cf-e467e90bf599,15792871.0006,-1422103.9887
72,A facility where maritime vessels have the ability to load and unload commodities,Commodity,Whyalla,Iron Ore,Operational,South Australia,1/1/2010 12:00:00 AM,7/29/2014 12:00:00 AM,137.594429,-33.01487,No,No,No,No,No,No,No,No,No,No,No,No,No,No,No,No,Yes,No,No,No,No,No,No,No,No,No,No,No,No,No,No,No,No,No,No,No,No,No,No,No,No,No,No,No,No,No,765c7c09-d4fb-4268-9ef8-4923ac24ce69,15316941.7723,-3897277.8736
73,A facility where maritime vessels have the ability to load and unload commodities,Commodity,Wollongong,,Operational,New South Wales,1/1/1998 12:00:00 AM,7/29/2014 12:00:00 AM,150.889464,-34.460545,No,No,No,No,No,No,No,No,No,No,No,No,No,No,No,No,No,No,No,No,No,No,No,No,No,No,No,No,No,No,No,No,No,No,No,No,No,No,No,No,No,No,No,No,No,No,a2514d35-4270-46ad-bf47-37647e75ad68,16796938.2985,-4090810.8857
74,A facility where maritime vessels have the ability to load and unload commodities,Commodity,Wyndham,Potash,Operational,Western Australia,1/1/2010 12:00:00 AM,7/29/2014 12:00:00 AM,128.10117,-15.451927,No,No,No,No,No,No,No,No,No,No,No,No,No,No,No,No,No,No,No,No,No,No,No,No,No,No,No,No,No,No,Yes,No,No,No,No,No,No,No,No,No,No,No,No,No,No,No,9f20adbc-f969-4cfb-9027-ee714e47fccb,14260157.0144,-1741338.7645
75,A facility where maritime vessels have the ability to load and unload commodities,Commodity,Yampi Sound,,Operational,Western Australia,1/1/2004 12:00:00 AM,7/29/2014 12:00:00 AM,123.750246,-16.147198,No,No,No,No,No,No,No,No,No,No,No,No,No,No,No,No,No,No,No,No,No,No,No,No,No,No,No,No,No,No,No,No,No,No,No,No,No,No,No,No,No,No,No,No,No,No,56a28b3d-3d77-4771-8ec7-72350f2e06b9,13775814.3703,-1821775.4201
