ENO,Name,Synonyms,State,Operating Status,Longitude,Latitude,Commodities,Significance,Description1,URL1,Description2,URL2,Description3,URL3,Description4,URL4,Description5,URL5
335005,Cowell,,SA,operating mine,136.9378484,-33.47977681,Jade,6,,,,,,,,,,
335289,Beverley,,SA,operating mine,139.6051052,-30.1904091,"Uranium, Uranium oxide",3,Heathgate Resources,http://www.heathgateresources.com.au,"Australia's Uranium Resources, Geology and Development of Deposits",http://www.ga.gov.au/image_cache/GA9508.pdf,,,,,,
335111,Boddington,"Hedges, Wandoo",WA,operating mine,116.3581,-32.7509,"Gold, Copper",2,Newmont Mining Corporation,http://www.newmont.com,,,,,,,,
334545,Dry River South,,QLD,operating mine,144.689,-18.7904,"Zinc, Copper, Lead, Silver, Gold",4,Kagara Limited,http://www.kagara.com.au,,,,,,,,
335211,Ellendale,"Ellendale 4, Ellendale 9",WA,operating mine,124.8580364,-17.56322215,Diamond - undifferentiated,5,Gem Diamonds Limited,http://www.gemdiamonds.com/,,,,,,,,
333485,Endeavor,Elura,NSW,operating mine,145.6537957,-31.1629209,"Zinc, Lead, Silver, (Copper, Gold)",2,CBH Resources Limited,http://www.cbhresources.com.au,Toho Zinc Company Ltd,http://www.toho-zinc.co.jp/,,,,,,
334067,Agnew Project,Agnew Gold Project,WA,operating mine,120.5081,-28.00071,Gold,3,Gold Fields Limited,http://www.goldfields.co.za/,,,,,,,,
334068,Eneabba area (Iluka Mid West),Mid-West (Iluka),WA,operating mine,115.3017944,-29.83553686,"Ilmenite, Zircon, Rutile",2,Iluka Resources Ltd,http://www.iluka.com,,,,,,,,
358428,Burbanks (Barra),Birthday Gift,WA,operating mine,121.1375,-31.0279,Gold,5,Barra Resources Limited,http://www.barraresources.com.au,,,,,,,,
335835,Cadia Hill,"Cadia, Cadia Extended, Cadia Valley",NSW,operating mine,148.9957,-33.4574,"Gold, Copper",2,"Newcrest Mining Ltd - Cadia Valley, NSW",http://www.newcrest.com.au/our-business/operations/cadia-nsw/,Newcrest Mining Ltd,http://www.newcrest.com.au,New South Wales Minerals Council,http://www.nswmin.com.au/,,,,
333865,Cape Flattery,,QLD,operating mine,145.2721642,-14.98502271,Silica sand,6,Cape Flattery Silica Mines Pty,http://www.cfsm.com.au/cape.htm,,,,,,,,
334389,Whundo,"Yannery, West Whundo, Ayshia",WA,operating mine,116.9274781,-21.07876193,"Copper, Zinc, (Silver)",4,Fox Resources Ltd,http://www.foxresources.com.au,,,,,,,,
335465,Willowdale,,WA,operating mine,116.0618237,-32.84509906,Bauxite,6,Alcoa of Australia Ltd,http://www.alcoa.com.au,,,,,,,,
334559,Windimurra (Atlantic),Wagoo Hills,WA,operating mine,118.5352,-28.2993,"Vanadium, Iron, Rutile, Titanium, Vanadium pentoxide, Platinum group elements, Chromium, (Iron ore)",3,Maximus Resources Limited,http://www.maximusresources.com/,Atlantic Limited,http://atlanticltd.com.au/,,,,,,
334388,Woodie Woodie,"Bells Leases, Mike, consists of over 30 deposits",WA,operating mine,121.235468,-21.63877089,"Manganese ore, (Manganese)",3,Consolidated Minerals Ltd - Palmary Enterprises,http://www.consminerals.com.au,Mineral Resources Ltd,http://www.mineralresources.com.au,Pilbara Manganese,http://www.consminerals.com.au/b/au_manganese.php,,,,
334470,Tallering Peak (Mount Gibson),"T1, T3, T4, T5, T6",WA,operating mine,115.6219627,-28.1112601,"Iron ore, (Iron)",4,Mt Gibson Iron Ltd,http://www.mtgibsoniron.com.au/,,,,,,,,
334254,Frances Creek,"Helene 1, 2, 3, 4, 5, 6/7, 9, Extended, Elizabeth Marion, Thelma, Rosemary",NT,operating mine,131.8500162,-13.56416283,"Iron ore, (Iron)",4,Territory Resources Ltd,http://www.territoryresources.com.au,,,,,,,,
335741,Gove,,NT,operating mine,136.8370171,-12.26111724,", (Alumina, Bauxite)",2,Rio Tinto,http://www.riotinto.com,,,,,,,,
334069,Granny Smith Project,Granny Smith Project,WA,operating mine,122.423,-28.812,Gold,3,Gold Fields Limited,http://www.goldfields.co.za/,,,,,,,,
336156,Mining Area C (Mt Goldsworthy JV - BHP),"Area C, MAC, C Deposit, consists of around 30 Deposits",WA,operating mine,118.96431,-22.92817,"Iron ore, (Iron)",2,BHP Billiton,http://www.bhpbilliton.com,BHP Billiton Limited - Yandi,http://www.bhpbilliton.com/home/businesses/ironore/Pages/default.aspx,,,,,,
334581,Butterfly,North Kookynie Project,WA,operating mine,121.3804,-29.198,Gold,5,Nex Metals Explorations Limited,http://www.nexmetals.com,,,,,,,,
333503,Greenbushes,,WA,operating mine,116.06683,-33.85584603,", (Lithium oxide, Tantalum pentoxide, Kaolin, Lithium, Tantalum, Tin, Niobium)",3,Talison Minerals,http://www.talison.com.au,Spodumene,http://www.spodumene.com,,,,,,
334839,Groote Eylandt,,NT,operating mine,136.445547,-13.992158,"Manganese ore, (Manganese)",2,BHP Billiton,http://www.bhpbilliton.com,,,,,,,,
333862,Andamooka,,SA,operating mine,137.1699779,-30.44708372,Opal,6,Straits Resources Limited,http://www.straits.com.au,Argonaut Resources NL,http://www.argonautresources.com/,,,,,,
336186,Snapper,,NSW,operating mine,142.11998,-33.39700932,"Rutile, Zircon, Ilmenite, (Leucoxene)",3,BeMax Resources NL,http://www.bemax.com.au,Iluka Resources Ltd,http://www.iluka.com,,,,,,
334437,Ginkgo,,NSW,operating mine,142.2159283,-33.37154825,"Zircon, Rutile, Ilmenite, (Leucoxene)",3,BeMax Resources NL,http://www.bemax.com.au,,,,,,,,
335114,Hill 50,Mt Magnet Project,WA,operating mine,117.7972,-28.0336,Gold,3,Ramelius Resources Limited,http://www.rameliusresources.com.au,,,,,,,,
334198,Hillgrove Project,"Garibaldi-Eleanora, Freehold, Sunlight, West Sunlight, Black Lode",NSW,operating mine,151.9009,-30.5745,"Gold, (Antimony, Tungsten, Tungsten trioxide (wolframite))",4,Straits Resources Limited,http://www.straits.com.au,,,,,,,,
333688,George Fisher,"North Hilton, Hilton",QLD,operating mine,139.4720108,-20.57105007,"Zinc, Lead, Silver, Copper",2,,,,,,,,,,
335852,Koolanooka (Sinosteel Midwest Corp),,WA,operating mine,116.2025718,-29.18208178,"Iron ore, (Iron)",2,Midwest Corporation,http://www.midwestcorp.com.au,Sinosteel Midwest Corporation,http://www.sinosteelmidwest.com.au,,,,,,
335156,Tritton,,NSW,operating mine,146.7216,-31.3956,"Copper, (Gold, Silver, Cobalt)",3,Straits Resources Limited,http://www.straits.com.au,,,,,,,,
333621,Mud Tank,,NT,operating mine,134.2654939,-23.00810673,Vermiculite,6,Imdex Ltd,http://www.imdex.com.au,,,,,,,,
336200,Challenger,,SA,operating mine,133.5889,-29.8782,Gold,3,Kingsgate Consolidated Limited,http://www.kingsgate.com.au,,,,,,,,
333802,Angas,,SA,operating mine,138.9159169,-35.25106617,"Zinc, Lead, Gold, (Silver, Copper)",4,Terramin Australia Limited,http://www.terramin.com.au,,,,,,,,
333907,Hope Downs JV,includes Hope North and Hope South,WA,operating mine,119.1229306,-22.94691023,"Iron, Iron ore",2,Rio Tinto Limited,http://www.riotinto.com,Hancock Prospecting Pty Ltd,http://www.hancockprospecting.com.au/,Rio Tinto Iron Ore,http://www.riotintoironore.com,,,,
335038,Extension Hill (Mt Gibson Iron),"Mt Gibson, Iron Hill",WA,operating mine,117.1883196,-29.59581489,"Iron ore, (Iron)",3,Mt Gibson Iron Ltd,http://www.mtgibsoniron.com.au/,,,,,,,,
335534,Anglesea,"Angahook, Jan Juc",VIC,operating mine,144.1699617,-38.39175093,Coal - brown,3,Alcoa of Australia Ltd,http://www.alcoa.com.au,Department of Primary Industries,http://www.dpi.vic.gov.au,,,,,,
336047,Yallourn,"Yallourn East, Yallourn Township, Maryvale Field, East Field",VIC,operating mine,146.3604023,-38.19506423,Coal - brown,6,CLP Holdings,http://www.clpgroup.com,TRU Energy,http://www.truenergy.com.au,,,,,,
335914,Flying Fox,,WA,operating mine,119.6889871,-32.41846168,Nickel,3,Outokumpu Australia Pty Ltd,http://www.outokumpu.fi,Western Areas Limited,http://www.westernareas.com.au,,,,,,
335994,Mineral Hill,"Parkers Hill, Pearse",NSW,operating mine,146.9871,-32.5755,"Gold, Copper, (Silver, Zinc, Lead)",4,KBL Mining Limited,http://www.kblmining.com.au/,,,,,,,,
333689,Mintabie,,SA,operating mine,133.3001936,-27.32211388,Opal,6,,,,,,,,,,
335457,Mount Bischoff,,TAS,operating mine,145.5200181,-41.42699925,Tin,4,Crocoite.com,http://www.crocoite.com/realindex.html,Metals X Limited,http://metalsx.com.au,Yunnan Tin Group,http://en.ytc.cn,,,,
333386,Mount Carbine,Mt Carbine,QLD,operating mine,145.1318752,-16.51829604,"Tungsten trioxide (wolframite), Tungsten, Tin",6,Icon Resources,http://www.iconresources.com.au,Carbine Tungsten Limited,http://www.carbinetungsten.com.au/,,,,,,
335579,Nifty,,WA,operating mine,121.5708705,-21.65485326,Copper,3,Aditya Birla Group,http://www.adityabirla.com,Aditya Birla Minerals,http://www.adityabirlaminerals.com.au,,,,,,
335030,Leigh Creek,"Telford Basin (Lobe B), North Field (Lobe C&D), Copley Basin (Lobe A&E)",SA,operating mine,138.4165883,-30.48035939,Coal - black,2,,,,,,,,,,
335848,Duchess,Phosphate Hill,QLD,operating mine,139.9682053,-21.87455516,", (Phosphorous oxide, Phosphate)",3,Incitec Pivot Ltd,http://www.incitecpivot.com.au,,,,,,,,
333585,Kunwarara,"KG1, KG2, Oldman North, Oldman South",QLD,operating mine,150.1868503,-22.88144351,"Magnesite, Magnesia (magnesium oxide)",6,Queensland Magnesia Pty Ltd,http://www.qmag.com.au,,,,,,,,
334743,Lady Annie,Flying Pig,QLD,operating mine,139.0440158,-19.77305269,"Copper, Gold",3,CST Mining Group Ltd,http://www.cstmining.com/,CST Mining Group Ltd - Lady Annie,http://www.cstmining.com/project/lady-annie,,,,,,
333870,Lady Loretta,,QLD,operating mine,139.0701935,-19.76858853,"Zinc, Lead, Silver",3,Glencore Xstrata,http://www.glencorexstrata.com/,,,,,,,,
335721,Lightning Ridge,,NSW,operating mine,147.9802269,-29.40483945,Opal,6,NSW DMR,http://www.minerals.nsw.gov.au,Opal Horizon Limited,http://www.opalhorizon.com/,,,,,,
333289,Hamersley Iron - Marandoo,,WA,operating mine,118.1385991,-22.63545578,"Iron, Iron ore",2,Rio Tinto Limited,http://www.riotinto.com,HIsmelt,http://www.hismelt.com.au,Rio Tinto Iron Ore,http://www.riotintoironore.com,,,,
333871,Marvel Loch,Southern Cross Operations,WA,operating mine,119.4926,-31.4646,Gold,3,St Barbara Limited,http://www.stbarbara.com.au,,,,,,,,
334460,Argyle,AK1,WA,operating mine,128.383926,-16.71164537,Diamond - undifferentiated,3,Rio Tinto,http://www.riotinto.com,,,,,,,,
335648,The Pinnacles,Consols,NSW,operating mine,141.3286608,-32.04902254,"Lead, Zinc, Silver, Gold",6,,,,,,,,,,
334178,Weipa,"Andoom, Ely",QLD,operating mine,141.8732,-12.6637,", (Alumina, Bauxite)",1,Comalco Ltd,http://www.comalco.com,,,,,,,,
335214,West Angelas,,WA,operating mine,118.7882903,-23.18854955,"Iron ore, Iron",2,Rio Tinto Limited,http://www.riotinto.com,Rio Tinto Iron Ore,http://www.riotintoironore.com,,,,,,
333296,Whim Creek,,WA,operating mine,117.8305834,-20.84373003,"Copper, Zinc, (Gold, Silver, Lead)",3,Straits Resources Limited,http://www.straits.com.au,VentureX Resources Limited,http://www.venturexresources.com/,,,,,,
335646,Mount Fitton,,SA,operating mine,139.4465064,-29.91004056,Talc,6,,,,,,,,,,
333873,Mount Isa (Pb-Zn-Ag orebodies),Mt Isa,QLD,operating mine,139.4781919,-20.72158072,"Zinc, Lead, Silver, (Cadmium, Copper)",1,Glencore Xstrata,http://www.glencorexstrata.com/,,,,,,,,
333400,Mount Isa (Cu orebodies),Mt Isa,QLD,operating mine,139.4783449,-20.74339211,Copper,6,"OZMIN Mineral Deposits Database GIS Dataset (ArcView shape file, 0.75MB)",http://www.ga.gov.au/products/servlet/controller?event=DOWNLOAD_FILE&dn=1284854&id=51224812,Glencore Xstrata,http://www.glencorexstrata.com/,,,,,,
336234,Mount Keith,,WA,operating mine,120.54174,-27.229599,"Nickel, Cobalt, Copper",2,BHP Billiton,http://www.bhpbilliton.com,,,,,,,,
334724,Mount Rawdon,Mt Rawdon Project,QLD,operating mine,151.7641,-25.2713,"Gold, (Silver)",3,Evolution Mining Limited,http://www.evolutionmining.com.au/,,,,,,,,
333781,Worsley,"Mt Saddleback, Boddington Bauxite Mine",WA,operating mine,116.4559108,-32.92920823,", (Alumina, Bauxite)",2,BHP Billiton,http://www.bhpbilliton.com,,,,,,,,
335008,Hamersley Iron - Mount Tom Price,Section 6,WA,operating mine,117.7713566,-22.7635197,"Iron ore, Iron",3,Rio Tinto Limited,http://www.riotinto.com,HIsmelt,http://www.hismelt.com.au,Hamersley Mines,http://www.mining-technology.com/projects/hamersley/index.html,Rio Tinto Iron Ore,http://www.riotintoironore.com,,
334170,Charters Towers,,QLD,operating mine,146.2666,-20.0757,"Gold, (Silver)",2,Citigold Corporation Limited,http://www.citigold.com/,,,,,,,,
333970,Comet Vale,"Gladstone, Sand Queen",WA,operating mine,121.1310435,-29.95492795,Gold,6,,,,,,,,,,
335738,Coobina,,WA,operating mine,120.2706,-23.4888,"Chromite, Chromium",6,Consolidated Minerals Ltd - Palmary Enterprises,http://www.consminerals.com.au,,,,,,,,
335446,Raleigh,East Kundana JV,WA,operating mine,121.2432,-30.7276,Gold,4,Tribune Resources Limited,http://www.tribune.com.au/,,,,,,,,
333566,Baralaba,Dawson Valley,QLD,operating mine,149.803238,-24.164856,Coal - black,4,Cockatoo Coal,http://www.cockatoocoal.com.au,,,,,,,,
335342,Cliffs,Has also been known as Cliffs Nickel ; and Mt Keith-Cliffs Charterhall,WA,operating mine,120.5528247,-27.3104891,"Nickel, Cobalt",3,BHP Billiton,http://www.bhpbilliton.com,,,,,,,,
335595,Windarling,"Windarling Peak, W1, W2, W3, W4, W5",WA,operating mine,119.26446,-30.01217,"Iron ore, Iron",6,Cliffs Natural Resources,http://www.cliffsnaturalresources.com,,,,,,,,
335243,Cumnock,Cumnock No1,NSW,operating mine,150.9986157,-32.4030437,Coal - black,2,Xstrata plc,http://www.xstrata.com/,,,,,,,,
336150,Glendell,,NSW,operating mine,151.0775509,-32.45119201,Coal - black,2,Xstrata plc,http://www.xstrata.com/,,,,,,,,
333671,West Cliff,,NSW,operating mine,150.8243884,-34.21754968,Coal - black,2,Illawarra Coal,http://www.illawarracoal.com,,,,,,,,
335121,Williamstown,"Mt Crawford, Springfield, Reservoir, Warren",SA,operating mine,138.9300023,-34.67707934,"Kaolin, Kyanite, Mica, Clay",6,,,,,,,,,,
334642,Wiluna Project,Wiluna Project,WA,operating mine,120.2521,-26.6318,Gold,4,Apex Minerals NL,http://www.apexminerals.com,,,,,,,,
334075,Hamersley Iron - Yandicoogina-Junction (Rio Tinto-HIYandi),"Yandicoogina, Junction, YandCRA",WA,operating mine,119.2124874,-22.7610284,Iron,2,Rio Tinto Limited,http://www.riotinto.com,HIsmelt,http://www.hismelt.com.au,Rio Tinto Iron Ore,http://www.riotintoironore.com,,,,
333709,Channar JV - Hamersley Iron,,WA,operating mine,117.788592,-23.29937994,"Iron, Iron ore",3,Rio Tinto Limited,http://www.riotinto.com,HIsmelt,http://www.hismelt.com.au,Rio Tinto Iron Ore,http://www.riotintoironore.com,,,,
334468,Eastern Range JV,Paraburdoo Eastern Range,WA,operating mine,117.6572218,-23.24098471,"Iron, Iron ore",3,Rio Tinto Limited,http://www.riotinto.com,HIsmelt,http://www.hismelt.com.au,Rio Tinto Iron Ore,http://www.riotintoironore.com,,,,
335463,Jimblebar (BHP),"Wheelarra Hill, McCameys Monster, McCameys, Ferro Gully",WA,operating mine,120.1390608,-23.37925893,"Iron ore, (Iron)",2,BHP Billiton,http://www.bhpbilliton.com,Itochu Corporation,http://www.itochu.co.jp/main/index_e.html,Mitsui & Company Ltd.,http://www.mitsui.com.au,,,,
333756,Moonbeam,,WA,operating mine,121.2437521,-30.7187169,Gold,6,,,,,,,,,,
333324,Nicholas Downs,Balfour Downs,WA,operating mine,120.8942814,-22.77389419,"Manganese ore, (Manganese)",4,Hancock Prospecting Pty Ltd,http://www.hancockprospecting.com.au/,Mineral Resources Ltd,http://www.mineralresources.com.au,,,,,,
335157,Golden Grove,"Scuddles, Gossan Hill",WA,operating mine,116.9848,-28.7629,"Copper, Zinc, Gold, (Silver, Lead)",3,China Minmetals Corporation,http://www.minmetals.com/english/,Minerals and Metals Group,http://www.mmg.com/pages/986.aspx,,,,,,
335034,Hazelwood Mine,"Morwell, West Field, South East Field",VIC,operating mine,146.3910031,-38.26896421,Coal - brown,2,Hazelwood Power Corporation,http://www.hazelwoodpower.com.au,Energy Brix Australia,http://www.ebac.com.au,,,,,,
333418,Red October,Red October Project,WA,operating mine,122.4141,-29.2166,Gold,4,Saracen Mineral Holdings Limited,http://www.saracen.com.au/,,,,,,,,
334856,Centenary,Darlot Project,WA,operating mine,121.2868,-27.8884,Gold,3,Gold Fields Limited,http://www.goldfields.co.za/,,,,,,,,
335586,Ballarat-Last Chance,Golden Feather,WA,operating mine,121.5995,-30.5943,Gold,4,,,,,,,,,,
335780,Cave Rocks,St Ives Project,WA,operating mine,121.5577,-31.2098,Gold,6,Gold Fields Limited,http://www.goldfields.co.za/,,,,,,,,
333718,Jundee-Nimary,"Nimone, Nimary",WA,operating mine,120.6041,-26.3725,Gold,3,Newmont Mining Corporation,http://www.newmont.com,,,,,,,,
335898,BHP Yandi,"Yandicoogina, Marillana Creek, Eastern",WA,operating mine,119.1033286,-22.73483917,"Iron ore, (Iron)",2,BHP Billiton,http://www.bhpbilliton.com,BHP Billiton Limited - Yandi,http://www.bhpbilliton.com/home/businesses/ironore/Pages/default.aspx,,,,,,
333416,Skardon River,,QLD,operating mine,142.0089264,-11.87777632,Kaolin,6,Minerals Corporation,http://www.mineralscorp.com.au/,,,,,,,,
335313,Maggie Hays (Lake Johnston - Norilsk),Lake Johnston,WA,operating mine,120.5169981,-32.22247218,"Nickel, Cobalt",3,LionOre Australia Pty Ltd,http://www.lionore.com,Norilsk Nickel,http://www.nornik.ru/en/,,,,,,
335492,Ravensthorpe (Bandalup),,WA,operating mine,120.3963084,-33.64211988,"Nickel, Cobalt",2,First Quantum Minerals,http://www.first-quantum.com,,,,,,,,
335240,Kundana,,WA,operating mine,121.2311411,-30.71114297,Gold,6,Barrick Gold Corporation,http://www.barrick.com,,,,,,,,
334347,Orebody 18,Shovelanna,WA,operating mine,120.04828,-23.32835,Iron,6,BHP Billiton - Iron Ore,http://www.bhpbilliton.com/home/businesses/ironore/Pages/default.aspx,,,,,,,,
335561,Orebody 29,Mt Newman,WA,operating mine,119.70383,-23.38226,Iron,6,,,,,,,,,,
335842,Robe JV  (Australia - Pilbara - Rio Tinto),"Pannawonica, Deepdale, Mesa J, Mesa A, Warramboo",WA,operating mine,116.2422014,-21.74748411,"Iron, Iron ore",2,Rio Tinto Limited,http://www.riotinto.com,Rio Tinto Iron Ore,http://www.riotintoironore.com,,,,,,
335562,Cannington,,QLD,operating mine,140.9194523,-21.86924136,"Lead, Silver, Zinc, (Bismuth, Antimony)",2,BHP Billiton,http://www.bhpbilliton.com,BHPB - Cannington mine,http://www.bhpbilliton.com/bb/ourBusinesses/baseMetals/cannington.jsp,,,,,,
335378,Century,,QLD,operating mine,138.6250212,-18.73805697,"Zinc, Lead, (Silver, Cadmium)",2,China Minmetals Corporation,http://www.minmetals.com/english/,Minerals and Metals Group,http://www.mmg.com/pages/986.aspx,,,,,,
336033,North Goonyella - Eaglefield,,QLD,operating mine,147.976615,-21.64755,Coal - black,3,Peabody Energy Australia,http://www.peabodyenergy.com.au,,,,,,,,
335943,Oaky Creek,"Includes Alliance, Oaky North, Oaky No1",QLD,operating mine,148.4932105,-23.04158425,Coal - black,2,Xstrata plc,http://www.xstrata.com/,Itochu Corporation,http://www.itochu.co.jp/main/index_e.html,,,,,,
333405,Peak Downs,Isaac River,QLD,operating mine,148.1730658,-22.2199145,Coal - black,1,BMA,http://www.bmacoal.com,,,,,,,,
334090,Rolleston,,QLD,operating mine,148.4105959,-24.44405859,Coal - black,2,Xstrata plc,http://www.xstrata.com/,Sumitomo Corporation,http://www.sumitomocorp.co.jp/english/,Itochu Corporation,http://www.itochu.co.jp/main/index_e.html,,,,
335232,Dawson South,Theodore North,QLD,operating mine,150.030716,-24.876583,Coal - black,6,Anglo Coal Australia Pty Ltd,http://www.anglocoal.com.au/,,,,,,,,
335546,Genesis,Lawlers Project,WA,operating mine,120.497,-27.9784,Gold,6,Gold Fields Limited,http://www.goldfields.co.za/,,,,,,,,
335535,OK Decline,Norseman Project,WA,operating mine,121.7849,-32.2186,Gold,6,Norseman Gold Plc,http://www.norsemangoldplc.com/,,,,,,,,
333320,Wallaby,Granny Smith Project,WA,operating mine,122.3055,-28.8518,Gold,6,Barrick Gold Corporation,http://www.barrick.com,,,,,,,,
334998,Paulsens,Paulsens Project,WA,operating mine,116.2426,-22.5794,Gold,4,Northern Star Resources Limited,http://www.nsrltd.com/,,,,,,,,
333641,"Kulwin, Woornack, Rownack, Pirro",Woornack,VIC,operating mine,142.633304,-35.05530251,"Mineral sands, Rutile, Zircon, Ilmenite",6,Iluka Resources Ltd,http://www.iluka.com,,,,,,,,
336143,"Murray Basin - Iluka (Douglas, Kulwin etc)",includes Rownack,VIC,operating mine,141.77835,-37.10452473,"Rutile, Zircon, Ilmenite, Mineral sands",2,Iluka Resources Ltd,http://www.iluka.com,,,,,,,,
333417,Tuckabianna Group,Tuckabianna Project,WA,operating mine,118.1168,-27.4867,Gold,4,Silver Lake Resources Limited,http://www.silverlakeresources.com.au,,,,,,,,
336221,White Cliffs,,NSW,operating mine,143.09,-30.8386,Opal,6,,,,,,,,,,
333587,McArthur River,HYC,NT,operating mine,136.0930111,-16.43221389,"Zinc, Lead, (Silver, Cadmium, Copper, Antimony)",2,McArthur River Mine,http://www.mcarthurrivermine.com.au/,Glencore Xstrata,http://www.glencorexstrata.com/,,,,,,
334837,Newlands,Eastern Creek,QLD,operating mine,147.901,-21.2544,Coal - black,2,Xstrata plc,http://www.xstrata.com/,Itochu Corporation,http://www.itochu.co.jp/main/index_e.html,,,,,,
333785,Osborne,"Kulthor, Trough Tank",QLD,operating mine,140.5736,-22.0939,"Copper, Gold",3,Shanxi Donghui,http://en.sxjh.com.cn/,,,,,,,,
336113,Renison Bell,Renison,TAS,operating mine,145.434,-41.7824,"Tin, Copper",3,Metals X Limited,http://metalsx.com.au,Yunnan Tin Group,http://en.ytc.cn,,,,,,
334665,Loy Yang,Loy Yang Extended,VIC,operating mine,146.564,-38.2347,Coal - brown,1,PowerWorks,http://www.powerworks.com.au,Loy Yang Power,http://www.loyyangpower.com.au,,,,,,
335782,Ewington,"Ewington 1, Ewington 2",WA,operating mine,116.25,-33.3624,Coal - black,6,Griffin Coal,http://www.griffincoal.com.au,Lanco Infratech Ltd,http://www.lancogroup.com/,,,,,,
334242,Kalgoorlie (Super Pit),Golden Mile,WA,operating mine,121.505,-30.7781,Gold,2,Barrick Gold Corporation,http://www.barrick.com,Newmont Mining Corporation,http://www.newmont.com,,,,,,
335266,Koolyanobbing,"Includes Deposits A,B,C,D,E,F& K",WA,operating mine,119.538,-30.8336,"Iron ore, (Iron)",3,Cliffs Natural Resources,http://www.cliffsnaturalresources.com,,,,,,,,
336127,Middleback Ranges (Arrium Mining),"includes Iron Knob, Iron Baron, Iron Duke, Iron Duchess, Iron Knight,Iron Magnet",SA,operating mine,137.156,-32.998,"Iron ore, (Iron)",3,BHP Billiton,http://www.bhpbilliton.com,OneSteel Ltd,http://www.onesteel.com,,,,,,
333564,Murrin Murrin,,WA,operating mine,121.893,-28.7668,"Nickel, Cobalt, Magnesium",2,Mining Technology,http://www.mining-technology.com/projects/murrin/,Minara Resources,http://www.minara.com.au,Glencore International Plc,http://www.glencore.com/,,,,
335375,Hamersley Iron - Paraburdoo,"Paraburdoo 4 East, Paraburdoo 4 west",WA,operating mine,117.579,-23.2292,"Iron ore, Iron",3,Rio Tinto Limited,http://www.riotinto.com,HIsmelt,http://www.hismelt.com.au,Rio Tinto Iron Ore,http://www.riotintoironore.com,,,,
335355,Rocglen,Belmont,NSW,operating mine,150.19,-30.72,Coal - black,3,Whitehaven Coal Mining,http://www.whitehaven.net.au,,,,,,,,
333991,Saraji,,QLD,operating mine,148.2910512,-22.36937913,Coal - black,2,BMA,http://www.bmacoal.com,,,,,,,,
335995,Commodore,Millmerran,QLD,operating mine,151.279051,-27.93026912,Coal - black,2,Huaneng Power International,http://www.hpi.com.cn,,,,,,,,
336037,Eloise,,QLD,operating mine,140.9798944,-20.95485278,"Copper, Gold, (Silver)",3,Eloise Copper Mine Geology - Abstract,http://www.ausimm.com.au/publications/epublication.aspx?ID=1320,Breakaway Resources Ltd,http://www.breakawayresources.com.au,Barminco Limited - Australia,http://www.barminco.com.au/Our-Projects/Australia.aspx,,,,
335574,Monakoff,"Tinboll, Mount Margaret, Mt Margaret",QLD,operating mine,140.6885,-20.625,"Copper, Gold, (Uranium, Cobalt, Silver)",4,Porter Geoconsultancy,http://www.portergeo.com.au/feoxbook/Abstract28.asp,Exco Resources Limited,http://www.excoresources.com.au,Glencore Xstrata,http://www.glencorexstrata.com/,,,,
335376,Stawell Project,Stawell Project,VIC,operating mine,142.8002,-37.0589,Gold,3,Crocodile Gold Corporation,http://www.crocgold.com/,,,,,,,,
335840,Telfer,Telfer Dome,WA,operating mine,122.2109,-21.7224,"Gold, (Copper)",2,Newcrest Mining Ltd,http://www.newcrest.com.au,,,,,,,,
336231,NRE Wongawilli,"Nebo, Elouera",NSW,operating mine,150.7356635,-34.47492085,Coal - black,3,Illawarra Coal,http://www.illawarracoal.com,Gujarat NRE,http://www.gujaratnre.com.au,,,,,,
333791,Integra (Glennies Creek),,NSW,operating mine,151.1349811,-32.4688395,Coal - black,2,AME Group,http://www.ame.com.au/,Integra Coal,http://www.integracoal.com.au,Vale Australia,http://integra.valeaustralia.com.au/,,,,
335138,Liddell,Liddell State,NSW,operating mine,150.9998825,-32.39160069,Coal - black,2,Xstrata plc,http://www.xstrata.com/,Liddell Coal,http://www.liddellcoal.com.au/,,,,,,
334441,Mount Thorley,,NSW,operating mine,151.1086237,-32.63740979,Coal - black,2,Rio Tinto Limited,http://www.riotinto.com,Coal and Allied,http://www.coalandallied.com.au/,Rio Tinto Coal Australia,http://www.riotintocoalaustralia.com.au,,,,
333306,Myuna,,NSW,operating mine,151.5687383,-33.06011103,Coal - black,2,Centennial Coal Co Ltd,http://www.centennialcoal.com.au,,,,,,,,
335025,Bulga,"Saxonvale, South Bulga, Beltana",NSW,operating mine,151.1099843,-32.6868398,Coal - black,1,Xstrata plc,http://www.xstrata.com/,,,,,,,,
334148,NRE No1,"South Bulli,  Bellambi West, Balgownie No1, Gibsons, Bellpac No1",NSW,operating mine,150.8699894,-34.34684941,Coal - black,2,Illawarra Coal,http://www.illawarracoal.com,Gujarat NRE,http://www.gujaratnre.com.au,,,,,,
334258,Ulan,"Ulan No.2, Ulan West",NSW,operating mine,149.749983,-32.24686293,Coal - black,2,Xstrata plc,http://www.xstrata.com/,,,,,,,,
335473,Cowal,"Endeavour 42, Lake Cowal",NSW,operating mine,147.4067,-33.6369,Gold,3,Barrick Gold Corporation,http://www.barrick.com,,,,,,,,
334654,Wambo,"Wollemi, Homestead",NSW,operating mine,150.9980749,-32.57815077,Coal - black,2,Peabody Energy Australia,http://www.peabodyenergy.com.au,,,,,,,,
334195,Warkworth,Warkworth No.1,NSW,operating mine,151.0901636,-32.60700995,Coal - black,2,Rio Tinto Limited,http://www.riotinto.com,Coal and Allied,http://www.coalandallied.com.au/,Rio Tinto Coal Australia,http://www.riotintocoalaustralia.com.au,,,,
335557,Mount Weld,,WA,operating mine,122.5475227,-28.85994859,"Rare earth oxides, (Phosphorous oxide, Thorium, Tantalum pentoxide, Zirconia, Niobium pentoxide, Yttrium oxide, Phosphate, Phosphorous, Niobium, Tantalum, Rare earth elements)",2,Lynas Corporation Ltd,http://www.lynascorp.com,,,,,,,,
334464,Mount Windarra,Windarra,WA,operating mine,122.2330164,-28.48515023,"Nickel, Platinum group elements, Palladium, Platinum",3,Poseidon Nickel Limited,http://www.poseidon-nickel.com.au,,,,,,,,
334374,New Cobar,"Peak Mines Project, Fort Bourke",NSW,operating mine,145.8551,-31.5161,"Gold, Copper",4,New Gold Inc,http://www.newgold.com/,,,,,,,,
333291,New Occidental,"Peak Mines Project, Occidental",NSW,operating mine,145.864,-31.5403,"Gold, Copper",4,Goldcorp,http://www.goldcorp.com/,New Gold Inc,http://www.newgold.com/,,,,,,
335362,Northparkes,Goonumbla,NSW,operating mine,148.0498,-32.9135,"Copper, Gold, (Silver)",3,Northparkes Mine,http://www.northparkes.com.au,"China Molybdenum Co., Ltd.",http://www.chinamoly.com/en/,"Sumitomo Metal Mining Co., Ltd.",http://www.smm.co.jp/E/,,,,
334199,North Stradbroke Island,"Amity, Bayside, Gordon",QLD,operating mine,153.4435,-27.47679079,"Zircon, Rutile, Ilmenite",3,Consolidated Rutile Ltd,http://www.consrutile.com.au,,,,,,,,
335252,Cleo,Sunrise Dam Project,WA,operating mine,122.4198,-29.0773,Gold,6,,,,,,,,,,
333436,Bloomfield,,NSW,operating mine,151.5669617,-32.79218872,Coal - black,3,,,,,,,,,,
335871,Oakdale,,NSW,operating mine,150.480322,-34.03778271,Coal - black,3,Illawarra Coal,http://www.illawarracoal.com,,,,,,,,
334110,West Wallsend,includes Lachlan proposal,NSW,operating mine,151.6048113,-32.94791066,Coal - black,3,Xstrata plc,http://www.xstrata.com/,Marubeni Corporation,http://www.marubeni.com/,,,,,,
335653,Hamersley Iron - Nammuldi,,WA,operating mine,117.3952993,-22.40686567,"Iron ore, Iron",2,Rio Tinto Limited,http://www.riotinto.com,HIsmelt,http://www.hismelt.com.au,Rio Tinto Iron Ore,http://www.riotintoironore.com,,,,
333595,Savannah,Sally Malay,WA,operating mine,128.0234929,-17.34720566,"Nickel, Copper, Cobalt, Platinum group elements",3,Panoramic Resources Limited,http://www.panoramicresources.com,,,,,,,,
335761,Thuddungra,"Noakes, Young, Baileys",NSW,operating mine,148.049644,-34.17331501,"Magnesite, Magnesia (magnesium oxide)",6,,,,,,,,,,
333669,Inverell-Glen Innes,"Frazers Creek, Horses Gully, Reddestone Creek, Copes Creek, Kings Plains Creek",NSW,operating mine,151.7276798,-29.6104448,Corundum - sapphire,6,,,,,,,,,,
335016,Morning Star - Woods Point,Woods Point Gold Project,VIC,operating mine,146.2456,-37.5686,Gold,4,Morning Star Gold NL,http://www.msgold.com.au,,,,,,,,
334940,Cooljarloo (TRONOX),,WA,operating mine,115.413696,-30.625429,"Ilmenite, Zircon, Rutile, Leucoxene, Mineral sands",3,Tiwest JV,http://www.tiwest.com.au,EXXARO,http://WWW.exxaro.com/content/main/home.asp,,,,,,
335017,Fosterville Project,Fosterville Project,VIC,operating mine,144.5036,-36.7163,Gold,3,Crocodile Gold Corporation,http://www.crocgold.com/,,,,,,,,
334942,Mariners,,WA,operating mine,121.6612568,-31.62784477,"Nickel, Cobalt, (Copper)",4,Mincor Resources NL,http://www.mincor.com.au,,,,,,,,
333334,Charbon,,NSW,operating mine,149.9776638,-32.89640605,Coal - black,3,Centennial Coal Co Ltd,http://www.centennialcoal.com.au,,,,,,,,
334956,Karara - Blue Hills (Gindalbie Metals),"Blue Hills North, Terapod, Terapod West",WA,operating mine,116.8348006,-29.16293478,"Iron ore, (Iron)",3,Midwest Corporation,http://www.midwestcorp.com.au,Sinosteel Midwest Corporation,http://www.sinosteelmidwest.com.au,,,,,,
333629,Suttor Creek,,QLD,operating mine,147.9367561,-21.37989547,Coal - black,6,Itochu Corporation,http://www.itochu.co.jp/main/index_e.html,,,,,,,,
333808,Hornet,East Kundana JV,WA,operating mine,121.264,-30.7497,Gold,4,Barrick Gold Corporation,http://www.barrick.com,Rand Mining,http://www.randmining.com.au/,Tribune Resources Limited,http://www.tribune.com.au/,,,,
336162,Donaldson,Abel,NSW,operating mine,151.5765075,-32.79298363,Coal - black,2,Donaldson Coal Pty Ltd,http://www.doncoal.com.au,Yancoal Australia Pty Ltd,http://yancoalaustralia.com.au,,,,,,
334135,Mandalong,"Cooranbong Extension, Mandalong South",NSW,operating mine,151.449976,-33.12684092,Coal - black,2,Centennial Coal Co Ltd,http://www.centennialcoal.com.au,,,,,,,,
334729,Kara Mine (Tasmania Mines),Kara No.1,TAS,operating mine,145.7720113,-41.30999557,"Tungsten, Tungsten trioxide (wolframite), Iron ore, Tin, (Magnetite, Iron)",5,Tasmania Mines Limited,http://www.tasmines.com.au/,,,,,,,,
334652,Appin,Douglas,NSW,operating mine,150.7917889,-34.20784997,Coal - black,2,Illawarra Coal,http://www.illawarracoal.com,,,,,,,,
336230,Boggabri,,NSW,operating mine,150.1633441,-30.59041116,Coal - black,2,Idemitsu Kosan Co Ltd,http://www.idemitsu.co.jp/e/,,,,,,,,
336170,St Ives Project,"Victory, Defiance, Britannia, Sirius, Argo, Revenge, Repulse, Junction",WA,operating mine,121.7451,-31.3243,Gold,3,Gold Fields Limited,http://www.goldfields.co.za/,,,,,,,,
333649,Kunanalling Project,"Kunanalling Project,  Burgundy, Rayjax",WA,operating mine,121.0584,-30.6648,Gold,4,Phoenix Gold Limited,http://www.phoenixgold.com.au,,,,,,,,
333953,Lake Lindsay,Girrah,QLD,operating mine,148.7530605,-23.03435751,Coal - black,6,Anglo Coal Australia Pty Ltd,http://www.anglocoal.com.au/,,,,,,,,
333788,Tartana,,QLD,operating mine,144.2660079,-16.92998434,Copper,4,The London Metal Exchange (LME),http://www.lme.co.uk,"Report on Queensland's Gold, Silver and Base Metals (October 2005)",http://www.dme.qld.gov.au/zone_files/min_quarry_pdf/gold_silver_base_metals.pdf,"Report on Investment Environment, Atherton Tablelands p36",http://www.kleinhardt.com.au/files/65/Investment%20Profile%20-%20TablelandsFinal010507.pdf,,,,
334738,Plutonic,Plutonic Project,WA,operating mine,119.4437,-25.3171,Gold,3,Barrick Gold Corporation,http://www.barrick.com,Northern Star Resources Limited,http://www.nsrltd.com/,,,,,,
334287,Darlot Project,Darlot Project,WA,operating mine,121.2689,-27.8875,Gold,3,Gold Fields Limited,http://www.goldfields.co.za/,,,,,,,,
333696,Huntly,,WA,operating mine,116.1664964,-32.55579473,"Bauxite, (Alumina)",2,Alcoa of Australia Ltd,http://www.alcoa.com.au,,,,,,,,
335308,Mount Gordon,"Mammoth, Gunpowder, Esperanza, Esperanza South",QLD,operating mine,139.3631556,-19.694925,Copper,3,Aditya Birla Group,http://www.adityabirla.com,Aditya Birla Minerals,http://www.adityabirlaminerals.com.au,,,,,,
333421,Angus Place,,NSW,operating mine,150.1990187,-33.34915717,Coal - black,2,Centennial Coal Co Ltd,http://www.centennialcoal.com.au,,,,,,,,
336050,Clarence,includes Blue Mountains,NSW,operating mine,150.2439304,-33.45647907,Coal - black,2,Centennial Coal Co Ltd,http://www.centennialcoal.com.au,,,,,,,,
335647,Olympic Dam,Roxby Downs,SA,operating mine,136.889293,-30.43744351,"Copper, Uranium, Gold, (Silver)",1,BHP Billiton,http://www.bhpbilliton.com,BHP Billiton - Olympic Dam,http://www.bhpbilliton.com/bb/ourBusinesses/baseMetals/olympicDam.jsp,,,,,,
334929,Oraparinna,,SA,operating mine,138.8699799,-31.31705928,Barite,6,,,,,,,,,,
333875,Orebody 25,Mt Newman,WA,operating mine,119.78702,-23.32825,Iron,6,,,,,,,,,,
333691,Paddington,Paddington Project,WA,operating mine,121.3437,-30.485,Gold,3,Norton Gold Fields Limited,http://www.nortongoldfields.com.au,,,,,,,,
336095,Pajingo,"Pajingo Project, Cindy, Vera, Nancy, Scott, Jandam, Veracity",QLD,operating mine,146.4634,-20.548,"Gold, Silver",4,Australian Institute of Geoscientists,http://aig.org.au/,Heemskirk Consolidated Limited,http://www.heemskirk.com,Evolution Mining Limited,http://www.evolutionmining.com.au/,,,,
335141,Peak Hill,"Millidie, Mt Padbury",WA,operating mine,118.6050225,-25.45720002,"Manganese ore, (Manganese)",5,Mineral Resources Ltd,http://www.mineralresources.com.au,,,,,,,,
333388,Ranger,,NT,operating mine,132.9184626,-12.67353859,"Uranium, Uranium oxide",3,Energy Resources of Australia Ltd,http://www.energyres.com.au,"Australia's Uranium Resources, Geology and Development of Deposits",http://www.ga.gov.au/image_cache/GA9508.pdf,,,,,,
336018,Redbank,"Azurite, Punchbowl, Roman Nose, Bluff, Sandy Flat",NT,operating mine,137.7435028,-17.19323056,Copper,4,Redbank Copper Limited,http://www.redbankcopper.com.au/,,,,,,,,
334710,Dardanup (Doral),,WA,operating mine,115.805012,-33.353734,"Ilmenite, Zircon, Rutile, Leucoxene",6,Iwatani International Corporation,http://www.iwatani.co.jp/eng/,Doral Mineral Sands Pty Ltd,http://www.doral.com.au,,,,,,
334020,Maddingley,,VIC,operating mine,144.4401611,-37.70428889,Coal - brown,2,Department of Primary Industries,http://www.dpi.vic.gov.au,,,,,,,,
333817,South Walker Creek,Kemmis-Walker,QLD,operating mine,148.4427135,-21.77094156,Coal - black,2,BMA,http://www.bmacoal.com,,,,,,,,
335802,Ravensworth Narama,,NSW,operating mine,151.0399826,-32.45684035,Coal - black,4,Xstrata plc,http://www.xstrata.com/,Iluka Resources Ltd,http://www.iluka.com,,,,,,
335075,Springvale,Lamberts Gully,NSW,operating mine,150.1056266,-33.40059975,Coal - black,2,Centennial Coal Co Ltd,http://www.centennialcoal.com.au,,,,,,,,
335487,Gaffneys Creek,,VIC,operating mine,146.1997,-37.5051,Gold,5,A1 Consolidated Gold Limited,http://www.a1consolidated.com.au/,,,,,,,,
335715,Twin Hills (Texas Silver),Twin Hills Project,QLD,operating mine,151.2635,-28.8474,"Silver, (Gold)",6,Alcyone Resources Limited,http://www.alcyone.com.au,,,,,,,,
334438,Tasman,O'Donnell,NSW,operating mine,151.5400023,-32.886825,Coal - black,3,Ellemby Resources,http://www.ellemby.com,,,,,,,,
335039,Bootu Creek,"Shekuma, Gogo, Chugga, Tourag, Xhosa",NT,operating mine,134.125836,-18.699756,"Manganese ore, (Manganese)",3,OM Holdings Ltd,http://www.omholdingsltd.com,,,,,,,,
333876,Rosebery,,TAS,operating mine,145.5431,-41.7723,"Zinc, Lead, Gold, Silver, (Copper, Cadmium, Bismuth, Antimony)",3,MMG Limited,http://www.mmg.com/,,,,,,,,
334638,Savage River (Grange Resources),"North Pit, Centre Pit, South Pit",TAS,operating mine,145.2044288,-41.4879824,"Iron ore, (Iron, Vanadium)",3,Grange Resources,http://www.grangeresources.com.au,Australian Bulk Minerals,http://www.ausbm.com.au,,,,,,
335458,Starra,Selwyn,QLD,operating mine,140.4833135,-21.68032683,"Copper, Gold",3,Inova Resources,http://www.inovaresources.com/,,,,,,,,
334640,Sons of Gwalia,Leonora Operations,WA,operating mine,121.334,-28.9185,Gold,3,St Barbara Limited,http://www.stbarbara.com.au,,,,,,,,
335383,Baal Gammon,"UNA, Watsonville",QLD,operating mine,145.3258365,-17.37899423,"Copper, Indium, Tin, Silver",4,Kagara Limited,http://www.kagara.com.au,Monto Minerals Limited,http://www.montominerals.com/,,,,,,
334890,Tallawang,"Tallawang-Puggong, Tallawang North, Tallawang South,",NSW,operating mine,149.4511433,-32.19530463,"Iron ore, (Iron)",5,Unimin Australia Ltd,http://www.unimin.com.au,,,,,,,,
335893,Frog's Leg,Mungari East Project,WA,operating mine,121.2701,-30.7616,Gold,3,Alacer Gold Corporation,http://www.alacergold.com/,La Mancha Resources Inc - Frogs Leg,http://www.lamancha.ca/en/our-assets/overview,,,,,,
335532,Drayton,Saddlers Creek,NSW,operating mine,150.9112535,-32.34728147,Coal - black,3,Anglo Coal Australia Pty Ltd,http://www.anglocoal.com.au/,,,,,,,,
336032,New Acland,"Acland, Glen Roslyn, Sabine, Manningvale East, Manningvale West",QLD,operating mine,151.7078306,-27.26962778,Coal - black,2,New Hope Coal,http://www.newhopecoal.com.au,,,,,,,,
333502,Blackwater,"Stewarton, Taurus, Tannyfoil, Wilpeena",QLD,operating mine,148.8073609,-23.68558484,Coal - black,2,BMA,http://www.bmacoal.com,,,,,,,,
333989,Burton,"Burton Downs, Kerlong, Plumtree",QLD,operating mine,148.172558,-21.588585,Coal - black,3,Peabody Energy Australia,http://www.peabodyenergy.com.au,,,,,,,,
335474,Callide,includes EPC188 & Boundary Hill,QLD,operating mine,150.622173,-24.310921,Coal - black,1,Anglo Coal Australia Pty Ltd,http://www.anglocoal.com.au/,,,,,,,,
333552,Clermont,,QLD,operating mine,147.6307675,-22.68921638,Coal - black,2,Rio Tinto Limited,http://www.riotinto.com,Rio Tinto Coal Australia,http://www.riotintocoalaustralia.com.au,,,,,,
334340,Collinsville,"McNaughton, Wollombi",QLD,operating mine,147.7685567,-20.56760812,Coal - black,2,Xstrata plc,http://www.xstrata.com/,Itochu Corporation,http://www.itochu.co.jp/main/index_e.html,,,,,,
335302,Cook,Leichardt Colliery,QLD,operating mine,148.914684,-23.709213,Coal - black,2,Caledon Resources plc,http://www.caledonresources.com,,,,,,,,
335819,Ensham,Yongala,QLD,operating mine,148.4974547,-23.45446377,Coal - black,2,Ensham Resources,http://www.ensham.com.au/,,,,,,,,
335849,German Creek East,includes Oak Park,QLD,operating mine,148.650065,-22.918035,Coal - black,6,Anglo Coal Australia Pty Ltd,http://www.anglocoal.com.au/,,,,,,,,
335475,Goonyella,"Goonyella-Riverside, Cleanskin, Broadmeadow, Eureka, Redhill, Isaac, Riverside",QLD,operating mine,147.9620447,-21.79232059,Coal - black,1,BMA,http://www.bmacoal.com,,,,,,,,
336232,Hail Creek,,QLD,operating mine,148.406805,-21.505383,Coal - black,2,Rio Tinto Limited,http://www.riotinto.com,Rio Tinto Coal Australia,http://www.riotintocoalaustralia.com.au,,,,,,
333308,Jellinbah East,,QLD,operating mine,148.950644,-23.406874,Coal - black,2,Jellinbah Resources,http://www.jellinbah.com.au,,,,,,,,
334259,Kogan Creek,"Kogan, Brigalow",QLD,operating mine,150.7726313,-26.89571627,Coal - black,2,CS Energy,http://www.csenergy.com.au,,,,,,,,
335089,Lake Vermont,Vermont,QLD,operating mine,148.4385133,-22.39900204,Coal - black,2,Lake Vermont Coal,http://www.lakevermontcoal.com.au,,,,,,,,
335659,Moranbah North,,QLD,operating mine,147.9567417,-21.87133056,Coal - black,2,Anglo Coal Australia Pty Ltd,http://www.anglocoal.com.au/,,,,,,,,
334708,Dawson,"Dawson Complex, Moura",QLD,operating mine,150.0592383,-24.61682594,Coal - black,2,Moura Mine,http://www.mining-technology.com/projects/moura/,Anglo Coal Australia Pty Ltd,http://www.anglocoal.com.au/,,,,,,
334409,Enterprise - Ora Banda,Ora Banda Project,WA,operating mine,121.089,-30.3719,Gold,4,Norton Gold Fields Limited,http://www.nortongoldfields.com.au,,,,,,,,
335962,Mount Lyell Project,"Mt Lyell, Western Tharsis, Prince Lyell",TAS,operating mine,145.5855,-42.061,"Silver, Copper, Gold",3,Sterlite Industries (India) Limited,http://www.sterlite-industries.com/Our%20Business/Operations.aspx,Vedanta Resources - Mining,http://www.vedantaresources.com/,,,,,,
334961,Golden Eagle - Nullagine,Nullagine Gold Project,WA,operating mine,120.1205,-21.9671,Gold,4,Millennium Minerals Limited,http://www.millenniumminerals.com.au,,,,,,,,
336005,Balmoral Central (Sino_Cape Preston Iron),"Fortescue, George Palmer",WA,operating mine,116.1473525,-21.07958871,"Iron, Iron ore",2,CITIC Pacific Ltd,http://www.citicpacific.com,CITIC Pacific Mining,http://www.citicpacificmining.com,,,,,,
334825,Mount Wright,,QLD,operating mine,146.832,-20.0404,Gold,3,Resolute Mining Limited,http://www.rml.com.au/,,,,,,,,
333599,Kanmantoo,,SA,operating mine,139.0054,-35.0919,"Copper, (Gold, Silver)",3,Hillgrove Resources,http://www.hillgroveresources.com.au,,,,,,,,
334290,Howley,Burnside Project,NT,operating mine,131.3455,-13.498,Gold,6,Crocodile Gold Corporation,http://www.crocgold.com/,,,,,,,,
333966,Mountain of Light,,SA,operating mine,138.4512842,-30.57893333,Copper,5,Phoenix Copper Limited,http://www.phoenixcopper.com.au,,,,,,,,
334505,Curragh,includes Curragh West,QLD,operating mine,148.854144,-23.466218,Coal - black,2,Wesfarmers Coal Ltd,http://www.wesfarmerscoal.com.au,,,,,,,,
334974,Jeebropilly,"West Moreton, Jeebropilly North, Jeebropilly West, 7 Mile, Smithfield, Thagoona",QLD,operating mine,152.6593549,-27.62301718,Coal - black,5,New Hope Coal,http://www.newhopecoal.com.au,,,,,,,,
334713,Mount Owen,"Glendell, Ravensworth East",NSW,operating mine,151.0999807,-32.38683979,Coal - black,3,Mount Owen Mine,http://www.mining-technology.com/projects/owen/,Xstrata plc,http://www.xstrata.com/,,,,,,
334005,Ravensworth UG,"Newpac Colliery, Nardell Colliery",NSW,operating mine,151.0374824,-32.43656236,Coal - black,2,Xstrata plc,http://www.xstrata.com/,,,,,,,,
333422,Newstan,,NSW,operating mine,151.5768899,-32.9758137,Coal - black,2,Centennial Coal Co Ltd,http://www.centennialcoal.com.au,,,,,,,,
334006,Rixs Creek,,NSW,operating mine,151.129982,-32.52683956,Coal - black,2,,,,,,,,,,
335486,Coppabella,Johnson Pit,QLD,operating mine,148.427187,-21.844554,Coal - black,2,Macarthur Coal Ltd,http://www.macarthurcoal.com.au,,,,,,,,
334402,Crinum,,QLD,operating mine,148.371006,-23.210105,Coal - black,2,Crinum Mine,http://www.mining-technology.com/projects/crinum/,BMA,http://www.bmacoal.com,,,,,,
334858,Meandu,Tarong,QLD,operating mine,151.911523,-26.813543,Coal - black,2,Stanwell Corporation Ltd,http://www.stanwell.com,,,,,,,,
334668,Premier,,WA,operating mine,116.2865092,-33.39172824,Coal - black,6,Wesfarmers,http://www1.wesfarmers.com.au,Department of Industry and Resources,http://www.doir.wa.gov.au,,,,,,
335589,Three Springs,"Coodewa, Coodawa",WA,operating mine,115.8605822,-29.5021955,Talc,6,,,,,,,,,,
335677,Lake Macdonnell,,SA,operating mine,133.0468869,-32.02932224,Gypsum,6,,,,,,,,,,
334403,Southern Iron-Peculiar Knob,,SA,operating mine,135.3826479,-29.58681279,"Iron ore, (Iron)",4,Arrium Ltd,http://www.arrium.com,,,,,,,,
333545,Moorvale,,QLD,operating mine,148.3535805,-21.99551721,Coal - black,2,Peabody Energy Australia,http://www.peabodyenergy.com.au,,,,,,,,
335057,Duralie,Wards River,NSW,operating mine,151.9490999,-32.29136023,Coal - black,2,Gloucester Coal,http://www.gloucestercoal.com.au,,,,,,,,
333922,Cameby Downs,,QLD,operating mine,150.2871782,-26.57862171,Coal - black,3,,,,,,,,,,
334679,Yarrabee,Yarrabee North,QLD,operating mine,149.026371,-23.317678,Coal - black,3,Felix Resources,http://www.felixresources.com.au,Yancoal Australia Pty Ltd,http://yancoalaustralia.com.au,,,,,,
334141,Scotia,,TAS,operating mine,147.9988,-40.9485,"Tin oxide/cassiterite, Tin, Gold, Zircon, (Rutile)",5,,,,,,,,,,
336075,Austar,"Bellbird, Pelton-Ellalong, Southland",NSW,operating mine,151.3046211,-32.866855,Coal - black,2,Austar Coal Mine Pty Ltd,http://www.austarcoalmine.com.au,Yancoal Australia Pty Ltd,http://yancoalaustralia.com.au,,,,,,
335885,Plutonic East,Plutonic Project,WA,operating mine,119.4464,-25.3067,Gold,4,Barrick Gold Corporation,http://www.barrick.com,Northern Star Resources Limited,http://www.nsrltd.com/,,,,,,
333787,Carnilya,,WA,operating mine,121.8635869,-31.0532607,"Nickel, Copper",4,Mincor Resources NL,http://www.mincor.com.au,View Resources,http://www.viewresources.com.au,,,,,,
333664,Koolan Island (Mt Gibson),"Mullet, Barramundi, Main, Acacia, Eastern",WA,operating mine,123.740184,-16.127535,"Iron ore, (Iron)",3,Mt Gibson Iron Ltd,http://www.mtgibsoniron.com.au/,,,,,,,,
334903,Cullenswood,,TAS,operating mine,148.152291,-41.617804,Coal - black,6,Tasmanian Minerals Council,http://www.tasminerals.com.au,,,,,,,,
335527,Rising Tide,Burnside Project,NT,operating mine,131.4252,-13.4491,Gold,4,Crocodile Gold Corporation,http://www.crocgold.com/,,,,,,,,
335815,Port Gregory,"Lynton South, Lynton, Hose",WA,operating mine,114.281448,-28.178205,"Garnet, Ilmenite",4,,,,,,,,,,
334995,Christmas Island,,IOT,operating mine,105.65,-10.491667,Phosphate,6,,,,,,,,,,
335913,Princess Louise,Burnside Project,NT,operating mine,131.5437,-13.5142,Gold,5,Crocodile Gold Corporation,http://www.crocgold.com/,,,,,,,,
334912,Foxleigh,includes Foxleigh East,QLD,operating mine,148.8038889,-22.99777778,Coal - black,3,Anglo Coal Australia Pty Ltd,http://www.anglocoal.com.au/,Itochu Corporation,http://www.itochu.co.jp/main/index_e.html,,,,,,
335515,New Oakleigh,"Oakleigh Colliery, Rosewood",QLD,operating mine,152.5747883,-27.61169418,Coal - black,3,New Hope Coal,http://www.newhopecoal.com.au,,,,,,,,
336099,Hawkins Hill,"Hill End Project, Reward, Hawkins Hill-Reward",NSW,operating mine,149.410538,-33.05003,Gold,5,Hill End Gold Limited,http://www.hillendgold.com.au/,,,,,,,,
333767,Jaguar,,WA,operating mine,121.156281,-28.444641,"Copper, Zinc, (Silver, Lead)",3,Independence Group NL,http://www.igo.com.au,,,,,,,,
335105,Perseverance,Peak Mines Project,NSW,operating mine,145.8824,-31.5715,"Copper, Gold",4,Goldcorp,http://www.goldcorp.com/,New Gold Inc,http://www.newgold.com/,,,,,,
333675,Prominent Hill,Mt Woods,SA,operating mine,135.5749,-29.72004,"Copper, Gold, (Silver)",2,OZ Minerals Limited,http://www.ozminerals.com,,,,,,,,
334035,Mount Margaret,"E1, Mt Margaret, E1 North, E1 South, E1 East, Monakoff",QLD,operating mine,140.7829,-20.4424,"Copper, Gold, Uranium, (Uranium oxide)",3,Exco Resources Limited,http://www.excoresources.com.au,Glencore Xstrata,http://www.glencorexstrata.com/,,,,,,
334921,Cockburn - Mt McClure,Bronzewing Gold Project,WA,operating mine,120.9403,-27.4228,Gold,4,Navigator Resources Limited,http://www.navigatorresources.com.au/,,,,,,,,
335286,Moolarben,,NSW,operating mine,149.785,-32.29,Coal - black,2,Yancoal Australia Pty Ltd,http://yancoalaustralia.com.au,,,,,,,,
335733,Chichester Hub - Cloudbreak Christmas Creek (FMG),Chichester Ranges,WA,operating mine,119.396385,-22.302778,", (Iron, Iron ore)",2,Fortescue Metals Group Ltd,http://www.fmgl.com.au,,,,,,,,
335924,Maxwells,Randalls Project,WA,operating mine,122.1989,-31.0809,Gold,4,Silver Lake Resources Limited,http://www.silverlakeresources.com.au,,,,,,,,
334164,Cock -Eyed Bob,Randalls Project,WA,operating mine,122.1761,-31.0895,Gold,5,Silver Lake Resources Limited,http://www.silverlakeresources.com.au,,,,,,,,
334920,Cracow,Cracow Project,QLD,operating mine,150.277475,-25.290648,"Gold, (Silver)",4,Evolution Mining Limited,http://www.evolutionmining.com.au/,,,,,,,,
335643,Karara (Gindalbie Metals),"Mt Karara, Karara East, Karara South",WA,operating mine,116.8005,-29.16019,", (Iron, Iron ore)",2,Gindalbie Metals Limited,http://www.gindalbie.com.au,,,,,,,,
333546,Bronzewing Group,Bronzewing Gold Project,WA,operating mine,121.0125,-27.3778,Gold,4,Navigator Resources Limited,http://www.navigatorresources.com.au/,,,,,,,,
336093,Miitel,,WA,operating mine,121.643204,-31.583374,"Nickel, Cobalt, Copper",4,Mincor Resources NL,http://www.mincor.com.au,,,,,,,,
334537,Long,,WA,operating mine,121.677505,-31.178543,"Nickel, Copper",4,Independence Group NL,http://www.igo.com.au,,,,,,,,
334902,Victor,,WA,operating mine,121.678421,-31.13893,Nickel,4,Independence Group NL,http://www.igo.com.au,,,,,,,,
334832,Chesney,Peak Mines Project,NSW,operating mine,145.8577972,-31.52121939,"Copper, Gold, Lead, Zinc, Silver",4,New Gold Inc,http://www.newgold.com/,,,,,,,,
335903,Tahmoor,"Tahmoor North, Bargo",NSW,operating mine,150.5795,-34.2508,Coal - black,2,Xstrata plc,http://www.xstrata.com/,Illawarra Coal,http://www.illawarracoal.com,,,,,,
336096,Sunrise Dam,"Sunrise Dam Project, Cleo, Sunrise",WA,operating mine,122.4245,-29.0775,Gold,3,AngloGold Ashanti Limited,http://www.anglogoldashanti.com/,,,,,,,,
334061,Christmas Creek,Chichester Ranges,WA,operating mine,119.758987,-22.376169,"Iron ore, (Iron)",2,Fortescue Metals Group Ltd,http://www.fmgl.com.au,,,,,,,,
334810,Isaac Plains,,QLD,operating mine,148.108,-21.992,Coal - black,2,Aquila Resources Ltd,http://www.aquilaresources.com.au,,,,,,,,
333880,Kanowna Belle,,WA,operating mine,121.5761,-30.6101,Gold,3,Barrick Gold Corporation,http://www.barrick.com,,,,,,,,
336146,Mount Jackson,"J1, J2, J3",WA,operating mine,119.2494083,-30.25708333,"Iron ore, (Iron)",6,Cliffs Natural Resources,http://www.cliffsnaturalresources.com,,,,,,,,
335793,Ravensworth East,Swamp Creek,NSW,operating mine,151.0716683,-32.39554205,Coal - black,3,Xstrata plc,http://www.xstrata.com/,,,,,,,,
334196,German Creek,"Bundoora, Grasstrees, Central Colliery, Southern Colliery, Oak Park",QLD,operating mine,148.5510175,-22.90257137,Coal - black,2,Anglo Coal Australia Pty Ltd,http://www.anglocoal.com.au/,,,,,,,,
334379,Henty,,TAS,operating mine,145.5574,-41.8664,"Gold, (Silver)",4,Unity Mining Limited,http://www.unitymining.com.au,,,,,,,,
335720,Mount Arthur,"Mt Arthur North, Bayswater No3, Hunter Valley",NSW,operating mine,150.8561443,-32.33702196,Coal - black,1,BHP Billiton,http://www.bhpbilliton.com,,,,,,,,
334278,Coober Pedy,,SA,operating mine,134.7507971,-28.99058708,Opal,6,,,,,,,,,,
334049,Dendrobium,,NSW,operating mine,150.7599918,-34.37685049,Coal - black,2,BHP Billiton,http://www.bhpbilliton.com,,,,,,,,
333682,Ballarat (East) Gold Project,Ballarat Gold Project,VIC,operating mine,143.8597,-37.5897,Gold,3,Ballarat Goldfields,http://www.ballarat-goldfields.com.au,Castlemaine Goldfields Limited,http://www.cgt.net.au,,,,,,
334554,Mount Newman (Mount Whaleback - BHP),Newman and District,WA,operating mine,119.6777865,-23.35573681,"Iron ore, Iron",2,BHP Billiton,http://www.bhpbilliton.com,BHP Billiton - Iron Ore,http://www.bhpbilliton.com/home/businesses/ironore/Pages/default.aspx,,,,,,
333890,Gossan Hill,Golden Grove,WA,operating mine,116.9626,-28.7772,"Lead, Zinc, Silver, Gold, Copper",6,Minerals and Metals Group,http://www.mmg.com/pages/986.aspx,,,,,,,,
333774,White Dam - Olary,"White Dam Project, Drew Hill",SA,operating mine,140.5793,-32.0955,Gold,4,Exco Resources Limited,http://www.excoresources.com.au,,,,,,,,
333741,Muswellbrook No2,Sandy Creek,NSW,operating mine,150.9413917,-32.24498818,Coal - black,3,Idemitsu Kosan Co Ltd,http://www.idemitsu.co.jp/e/,,,,,,,,
333547,Kestrel,"Gordonstone, Kestrel West, Ti Tree",QLD,operating mine,148.3703056,-23.24197222,Coal - black,2,Rio Tinto Limited,http://www.riotinto.com,Rio Tinto Coal Australia,http://www.riotintocoalaustralia.com.au,,,,,,
336101,Catherwood,Kunanalling Project,WA,operating mine,121.0616,-30.6698,Gold,5,Phoenix Gold Limited,http://www.phoenixgold.com.au,,,,,,,,
335634,Wilpinjong,,NSW,operating mine,149.885,-32.332,Coal - black,2,Peabody Energy Australia,http://www.peabodyenergy.com.au,,,,,,,,
333769,Millennium,West Poitrel,QLD,operating mine,148.213,-22.025,Coal - black,3,Peabody Energy Australia,http://www.peabodyenergy.com.au,,,,,,,,
334619,Wattle Dam,,WA,operating mine,121.494507,-31.380096,Gold,5,Ramelius Resources Limited,http://www.rameliusresources.com.au,,,,,,,,
333288,Honeymoon,,SA,operating mine,140.6623645,-31.74095042,"Uranium, Uranium oxide",4,Mitsui & Company Ltd.,http://www.mitsui.com.au,Uranium One Inc - Honeymoon,http://www.uranium1.com/index.php/en/mining-operations/australia,,,,,,
333475,Moolart Well,Duketon Gold Project,WA,operating mine,122.3479,-27.6112,Gold,3,Regis Resources,http://www.regisresources.com/,,,,,,,,
334304,Chalice,Higginsville Gold Operations,WA,operating mine,121.5148,-31.8159,Gold,4,Metals X Limited,http://metalsx.com.au,,,,,,,,
334310,Magellan,Wiluna,WA,operating mine,119.9419256,-26.51794358,Lead,3,Ivernia Inc.,http://www.ivernia.com,,,,,,,,
335709,Integra (Camberwell),,NSW,operating mine,151.1449812,-32.48383941,Coal - black,4,Aquila Resources Ltd,http://www.aquilaresources.com.au,Toyota Tsusho Corp. of Japan,http://www.toyota-tsusho.com/english/,Integra Coal,http://www.integracoal.com.au,,,,
335420,Boundary Hill,includes Kilburnie,QLD,operating mine,150.494057,-24.199444,Coal - black,6,Anglo Coal Australia Pty Ltd,http://www.anglocoal.com.au/,,,,,,,,
334423,Stratford,Bowens Road North,NSW,operating mine,151.9747082,-32.11607001,Coal - black,3,Gloucester Coal,http://www.gloucestercoal.com.au,,,,,,,,
334122,Rubicon - Kunanulling,East Kundana JV,WA,operating mine,121.2602,-30.7436,Gold,4,Barrick Gold Corporation,http://www.barrick.com,Rand Mining,http://www.randmining.com.au/,Tribune Resources Limited,http://www.tribune.com.au/,,,,
335347,Broken Hill - Rasp Mine,"Broken Hill - CML7 (CBH), Pinnacle",NSW,operating mine,141.4512729,-31.96551709,"Zinc, Lead, Silver, Copper",3,CBH Resources Limited,http://www.cbhresources.com.au,Toho Zinc Company Ltd,http://www.toho-zinc.co.jp/,,,,,,
335822,Callie,Tanami Project,NT,operating mine,129.9249,-20.5266,Gold,6,Newmont Mining Corporation,http://www.newmont.com,,,,,,,,
334880,Poitrel,"includes Winchester, Mavis Downs, Wotoga and Morambah",QLD,operating mine,148.2343806,-22.0412158,Coal - black,2,BMA,http://www.bmacoal.com,,,,,,,,
334019,Middlemount,,QLD,operating mine,148.6316259,-22.84813103,Coal - black,3,Macarthur Coal Ltd,http://www.macarthurcoal.com.au,Yancoal Australia Pty Ltd,http://yancoalaustralia.com.au,,,,,,
333818,Minerva,,QLD,operating mine,148.047135,-23.921376,Coal - black,2,Felix Resources,http://www.felixresources.com.au,Yancoal Australia Pty Ltd,http://yancoalaustralia.com.au,,,,,,
336097,Curragh North,Pisces,QLD,operating mine,148.873806,-23.379904,Coal - black,2,Wesfarmers,http://www.wesfarmers.com.au,,,,,,,,
333362,Costerfield Mh Zone,Costerfield Project,VIC,operating mine,144.801,-36.8936,"Gold, (Antimony)",4,Mandalay Resources Corporation,http://www.mandalayresources.com/,,,,,,,,
333780,Mount Cuthbert,"Mt Cuthbert South, Mt Watson, Leichhardt",QLD,operating mine,139.9140173,-19.98802844,"Copper, Gold, Silver",4,Cape Lambert Resources,http://www.capelam.com.au/irm/content/home.html,Chandra Proteco Limited,http://chandra-group.com/Chandra-Proteco-Limited.html,,,,,,
334062,"Eucla Basin (Jacinth Ambrosia, Atacama, Typhoon, Sonoran, Tripitaka) )","Ambrosia, Jacinth",SA,operating mine,132.228669,-30.861125,"Zircon, (Ilmenite, Rutile)",3,Iluka Resources Ltd,http://www.iluka.com,,,,,,,,
334163,Jack Hills (Murchison and Crosslands),Saddle,WA,operating mine,117.2414,-26.05232,", (Iron, Iron ore)",2,Murchison Metals Ltd,http://www.mml.net.au,,,,,,,,
335432,Mindarie,Mercunda Project,SA,operating mine,140.2075,-34.795,"Zircon, Rutile, Ilmenite, Leucoxene",3,Australian Zircon NL,http://www.auzircon.com.au,,,,,,,,
334801,Metropolitan,,NSW,operating mine,150.9965688,-34.18491168,Coal - black,3,Illawarra Coal,http://www.illawarracoal.com,Peabody Energy Australia,http://www.peabodyenergy.com.au,,,,,,
335267,Ashton,,NSW,operating mine,151.06667,-32.46667,Coal - black,2,Ashton Coal,http://www.ashtoncoal.com.au,Yancoal Australia Pty Ltd,http://yancoalaustralia.com.au,,,,,,
334089,Bengalla,,NSW,operating mine,150.846,-32.2715,Coal - black,2,Rio Tinto Limited,http://www.riotinto.com,Coal and Allied,http://www.coalandallied.com.au/,Rio Tinto Coal Australia,http://www.riotintocoalaustralia.com.au,,,,
335554,Broken Hill,"North Mine, Southern Operations, Henry George, 1130",NSW,operating mine,141.465,-31.9665,"Zinc, Lead, Silver, (Cadmium, Gold, Copper)",3,Perilya Limited,http://www.perilya.com.au/,Perilya - Broken Hill,http://www.perilya.com.au/our-business/operations/broken-hill,,,,,,
333581,Cobar CSA,CSA,NSW,operating mine,145.7985966,-31.40801981,"Copper, (Silver, Lead, Zinc)",3,Cobar Management Pty Ltd,http://www.cmpl.com.au/,Glencore International Plc,http://www.glencore.com/,,,,,,
335115,Hill End,Tambaroora,NSW,operating mine,149.4650307,-32.867835,Gold,6,,,,,,,,,,
334994,Ernest Henry,Mt Fort Constantine,QLD,operating mine,140.7028102,-20.43982907,"Copper, Gold, (Magnetite, Iron ore, Iron)",2,Glencore Xstrata,http://www.glencorexstrata.com/,,,,,,,,
335414,Lawlers Project,"Lawlers Project, Great Eastern, Hidden Secret, Fairyland, New Holland",WA,operating mine,120.5357,-28.0789,Gold,3,Gold Fields Limited,http://www.goldfields.co.za/,,,,,,,,
333653,Yarrie_NIM (Mt Goldsworthy JV Northern - BHP),"includes Cattle Gorge, Cundaline, Nimingara",WA,operating mine,120.3019599,-20.60766463,"Iron ore, (Iron)",3,BHP Billiton,http://www.bhpbilliton.com,BHP Billiton - Iron Ore,http://www.bhpbilliton.com/home/businesses/ironore/Pages/default.aspx,,,,,,
335967,Chain Valley,,NSW,operating mine,151.5500039,-33.1630557,Coal - black,3,LD Operations,http://www.ldo.com.au,,,,,,,,
335599,Duncan,Blackwood Mt Nicholas,TAS,operating mine,148.1104978,-41.55515251,Coal - black,6,,,,,,,,,,
335082,Cockatoo Island Iron Ore (Pluton Resources),,WA,operating mine,123.6071127,-16.09496587,"Iron ore, Iron",4,Cliffs Natural Resources,http://www.cliffsnaturalresources.com,,,,,,,,
336087,Hamersley Iron - Brockman No 2,Brockman No2 Detritals,WA,operating mine,117.3438998,-22.43546628,"Iron ore, Iron",4,Rio Tinto Limited,http://www.riotinto.com,HIsmelt,http://www.hismelt.com.au,Rio Tinto Iron Ore,http://www.riotintoironore.com,,,,
335524,Mangoola,"Anvil Hill, Great Northern, Hunter Great Northern",NSW,operating mine,150.669987,-32.29684363,Coal - black,2,Xstrata plc,http://www.xstrata.com/,,,,,,,,
335525,Ely,Wenlock River,QLD,operating mine,141.9,-12.364,Bauxite,6,Rio Tinto Alcan - Weipa,http://www.riotintoalcan.com/ENG/ouroperations/1340.asp,,,,,,,,
333759,NOA,Burnakura Project,WA,operating mine,118.472,-27.02,Gold,4,Kentor Gold Limited,http://www.kentorgold.com.au/,,,,,,,,
333606,Hunter Valley Complex,"Hunter Valley No 1 & No 2, Chestnut, Carrington, Howick, Lemington, Riverview",NSW,operating mine,150.992,-32.5104,Coal - black,1,Rio Tinto Limited,http://www.riotinto.com,Coal and Allied,http://www.coalandallied.com.au/,,,,,,
335424,Ridgeway,Cadia Valley,NSW,operating mine,148.9759,-33.4353,"Gold, (Silver, Copper)",2,"Newcrest Mining Ltd - Cadia Valley, NSW",http://www.newcrest.com.au/our-business/operations/cadia-nsw/,Newcrest Mining Ltd,http://www.newcrest.com.au,,,,,,
333986,The Peak,"Peak Mines Project, Peak, Cobar, Peak Mine",NSW,operating mine,145.8778,-31.5653,"Zinc, Lead, Gold, Copper",4,Rio Tinto Limited,http://www.riotinto.com,Goldcorp,http://www.goldcorp.com/,New Gold Inc,http://www.newgold.com/,,,,
349857,Prospero,,WA,operating mine,120.5801,-27.63309,Nickel,3,Xstrata plc,http://www.xstrata.com/,,,,,,,,
354850,McLeay,"Victor South, Victor",WA,operating mine,121.6785,-31.19569,"Nickel, Cobalt",4,Independence Group NL,http://www.igo.com.au,,,,,,,,
357585,Tarrawonga,East Boggabri,NSW,operating mine,150.163,-30.638,Coal - black,3,Whitehaven Coal Mining,http://www.whitehaven.net.au,,,,,,,,
357601,Werris Creek,,NSW,operating mine,150.6395,-31.40698,Coal - black,3,Whitehaven Coal Mining,http://www.whitehaven.net.au,,,,,,,,
361059,Trident -Higginsville,Higginsville Gold Operations,WA,operating mine,121.7313,-31.725,Gold,4,Metals X Limited,http://metalsx.com.au,,,,,,,,
361291,Louis,Lake Cowan,WA,operating mine,121.8973,-31.6683,Gold,4,Metals X Limited,http://metalsx.com.au,Alacer Gold Corporation,http://www.alacergold.com/,,,,,,
362672,Hamersley Iron - Brockman No 4,,WA,operating mine,117.1737,-22.61128,"Iron ore, (Iron)",2,Rio Tinto Limited,http://www.riotinto.com,Rio Tinto Iron Ore,http://www.riotintoironore.com,,,,,,
362714,Tapinos,,WA,operating mine,120.576,-27.634,"Nickel, Cobalt",4,Jubilee Mines NL,http://www.jubileemines.com.au/,,,,,,,,
362729,Sonoma,,QLD,operating mine,147.86,-20.62,Coal - black,3,QCoal Pty Ltd,http://www.qcoal.com.au,Cliffs Natural Resources,http://www.cliffsnaturalresources.com,,,,,,
362733,Lanfranchi,,WA,operating mine,121.8429,-31.50546,"Nickel, (Copper)",3,Panoramic Resources Limited,http://www.panoramicresources.com,,,,,,,,
364397,Nelson Bay River (Shree Minerals),,TAS,operating mine,144.74,-41.17,", (Iron, Iron ore)",4,Shree Minerals,http://www.shreeminerals.com,,,,,,,,
364818,Newminster,Phillips Find Project,WA,operating mine,120.9609,-30.6106,Gold,5,Barra Resources Limited,http://www.barraresources.com.au,,,,,,,,
364835,Orebody 23,,WA,operating mine,119.84891,-23.31586,"Iron, Iron ore",6,,,,,,,,,,
407951,Pardoo-Ridley (Atlas Iron),"Bobby, South Limb, Alice, Olivia, Connie, Bobby Trend",WA,operating mine,119.118,-20.256,", (Iron, Iron ore)",2,Atlas Iron Ltd,http://www.atlasiron.com.au,,,,,,,,
408372,Wombola Pit,Mount Monger Project,WA,operating mine,121.8317,-30.9987,Gold,5,Silver Lake Resources Limited,http://www.silverlakeresources.com.au,,,,,,,,
408446,Duplex Hill South,,WA,operating mine,121.7855,-31.00528,Gold,5,Australian Mines Limited,http://www.australianmines.com.au,,,,,,,,
408448,Sinclair,,WA,operating mine,120.8645,-28.36646,"Nickel, Copper",4,Jubilee Mines NL,http://www.jubileemines.com.au/,Xstrata plc,http://www.xstrata.com/,Haddington Resources Ltd,http://www.haddington.com.au,,,,
408607,Cadia East,Cadia Valley,NSW,operating mine,149.0123,-33.465,"Copper, Gold, (Silver)",2,Newcrest Mining Ltd,http://www.newcrest.com.au,,,,,,,,
429723,Mount Moss,,QLD,operating mine,145.84711,-19.085818,"Iron ore, (Iron)",6,Curtain Brothers,http://www.curtainbros.com.au,,,,,,,,
433063,Gamma,Brightstar Project,WA,operating mine,122.718,-28.723,Gold,6,A1 Minerals Limited,http://www.a1minerals.com.au,Stone Resources Australia Limited,http://www.a1minerals.com.au/showmain.aspx?id=default,,,,,,
435527,Pine Dale,,NSW,operating mine,150.065,-33.297,Coal - black,4,,,,,,,,,,
435931,Daisy Milano,Mt Monger Project,WA,operating mine,121.9224,-31.0133,Gold,4,Cotona Resources Ltd.,http://www.cortonaresources.com.au/,Silver Lake Resources Limited,http://www.silverlakeresources.com.au,,,,,,
436529,Otter - Juan (Kambalda Group - Mincor),Kambalda,WA,operating mine,121.6514,-31.16898,Nickel,3,Mincor Resources NL,http://www.mincor.com.au,,,,,,,,
437046,Phils Creek  (Mineral Resources ),,WA,operating mine,119.1866,-22.73494,", (Iron, Iron ore)",4,Iron Ore Holdings Ltd,http://www.ironoreholdings.com,,,,,,,,
437427,Cairn Hill (IMX Resources),,SA,operating mine,135.1558,-29.2945,"Copper, (Gold, Iron, Iron ore)",4,IMX Resources Limited,http://www.imxresources.com.au,,,,,,,,
440141,Perseverance - Coolgardie,Tindals Project,WA,operating mine,121.1737,-30.9824,Gold,5,Focus Minerals Limited,http://www.focusminerals.com.au/,,,,,,,,
444537,Narrabri,"Narrabri North, Narabri South",NSW,operating mine,149.85,-30.52,Coal - black,2,Whitehaven Coal Mining,http://www.whitehaven.net.au,,,,,,,,
444544,Carborough Downs,Broadlea North,QLD,operating mine,148.2094,-21.9502,Coal - black,2,Aquila Resources Ltd,http://www.aquilaresources.com.au,,,,,,,,
446901,Abydos (Atlas Iron),Trigg,WA,operating mine,119.1058,-21.14382,", (Iron, Iron ore)",4,Atlas Iron Ltd,http://www.atlasiron.com.au,,,,,,,,
448611,Homestead,Mount Pleasant Project,WA,operating mine,121.2283,-30.5421,Gold,4,Norton Gold Fields Limited,http://www.nortongoldfields.com.au,,,,,,,,
448841,Tropicana Project,,WA,operating mine,124.55,-29.26,Gold,3,AngloGold Ashanti Limited,http://www.anglogoldashanti.com/,Independence Group NL,http://www.igo.com.au,,,,,,
450342,Spotted Quoll,,WA,operating mine,119.677803,-32.47818,Nickel,6,Western Areas Limited,http://www.westernareas.com.au,,,,,,,,
452804,Ravensworth West and North,,NSW,operating mine,150.997,-32.44,Coal - black,3,Xstrata plc,http://www.xstrata.com/,,,,,,,,
454026,Nullagine (BC Iron),"Bonnie Creek, Outcamp, Coongan, Warrigal",WA,operating mine,119.8358,-22.0928,", (Iron, Iron ore)",4,BC Iron Ltd,http://www.bciron.com.au,,,,,,,,
455632,Salt Creek - Randalls,Randalls Project,WA,operating mine,122.0203,-31.1076,Gold,4,Silver Lake Resources Limited,http://www.silverlakeresources.com.au,,,,,,,,
456497,Alec Mairs,,WA,operating mine,120.570702,-27.606661,Nickel,6,,,,,,,,,,
464062,Edna May - Westonia,Edna May Project,WA,operating mine,118.6998,-31.2912,Gold,6,Evolution Mining Limited,http://www.evolutionmining.com.au/,,,,,,,,
466228,Hamersley Iron - Western Turner Syncline,,WA,operating mine,117.586304,-22.66221,"Iron ore, (Iron)",6,Rio Tinto Limited,http://www.riotinto.com,Rio Tinto Iron Ore,http://www.riotintoironore.com,,,,,,
467257,Augusta," Costerfield Project, E Lode, W Lode, C Lode, N Lode",VIC,operating mine,144.8024,-36.8987,"Gold, (Antimony)",6,Mandalay Resources Corporation,http://www.mandalayresources.com/,,,,,,,,
467794,Lounge Lizard Nickel,,WA,operating mine,119.687599,-32.43013,"Nickel, (Cobalt, Copper)",6,Western Areas Limited,http://www.westernareas.com.au,,,,,,,,
512261,Whirling Dervish,Carosue Dam Project,WA,operating mine,122.3588,-30.1434,Gold,6,Saracen Mineral Holdings Limited,http://www.saracen.com.au/,,,,,,,,
512503, Iron Valley (BC Iron),,WA,operating mine,119.317,-22.718,", (Iron, Iron ore)",6,Iron Ore Holdings Ltd,http://www.ironoreholdings.com,,,,,,,,
512516,Wodgina ( Atlas Iron),"Anson, Arvo, Constellation, Dragon, Electra, Navajo",WA,operating mine,118.6595,-21.2073,", (Iron, Iron ore)",6,Atlas Iron Ltd,http://www.atlasiron.com.au,,,,,,,,
513616,Mount Webber (Atlas Iron),"Ibanez, Fender",WA,operating mine,119.289,-21.537,", (Iron, Iron ore)",6,Atlas Iron Ltd,http://www.atlasiron.com.au,,,,,,,,
513745,Moran,,WA,operating mine,121.678523,-31.193055,Nickel,6,Independence Group NL,http://www.igo.com.au,,,,,,,,
514609,Newstan Lochiel,Awaba East,NSW,operating mine,151.5636,-33.0302,Coal - black,6,Centennial Coal Co Ltd,http://www.centennialcoal.com.au,,,,,,,,
516417,Green Gum,Mount Pleasant Project,WA,operating mine,121.233,-30.5312,Gold,6,Norton Gold Fields Limited,http://www.nortongoldfields.com.au,,,,,,,,
516424,Golden Flag,Mount Pleasant Project,WA,operating mine,121.2814,-30.5475,Gold,6,Norton Gold Fields Limited,http://www.nortongoldfields.com.au,,,,,,,,
517131,HBJ (Hampton-Boulder-Jubilee),South Kalgoorlie Operations,WA,operating mine,121.6031,-31.0276,Gold,6,Metals X Limited,http://metalsx.com.au,Alacer Gold Corporation,http://www.alacergold.com/,,,,,,
519582,DeGrussa,"Conductor 1, Doolgunna",WA,operating mine,119.328132,-25.540623,"Copper, Gold, (Silver)",6,Sandfire Resources NL,http://www.sandfire.com.au,,,,,,,,
527395,Tutunup South/Iluka,,WA,operating mine,115.490601,-33.730171,"Ilmenite, Leucoxene, Rutile, Zircon",6,,,,,,,,,,
530063,Mount Dove (Atlas Iron),,WA,operating mine,118.461,-20.937,", (Iron, Iron ore)",6,Atlas Iron Ltd,http://www.atlasiron.com.au,,,,,,,,
530069,Poondano (Process Minerals Int - MINEDEX),,WA,operating mine,118.773,-20.457,", (Iron, Iron ore)",6,Mineral Resources Ltd,http://www.mineralresources.com.au,,,,,,,,
531950,Spinifex Ridge - hematite (Moly Mines Ltd),,WA,operating mine,120.1118,-20.88752,", (Iron, Iron ore)",6,Moly Mines Ltd,http://www.molymines.com,,,,,,,,
536579,Garden Well - Erlistoun,Duketon Gold Project,WA,operating mine,122.356,-27.9064,Gold,6,Regis Resources,http://www.regisresources.com/,,,,,,,,
537331,Tanami - Newmont,"Tanami Project, The Granites, Callie, Dead Bullock Soak",NT,operating mine,129.9336,-20.5256,Gold,6,Newmont Mining Corporation,http://www.newmont.com,,,,,,,,
537484,Majestic,Mount Monger Project,WA,operating mine,121.9309,-30.8976,Gold,6,Silver Lake Resources Limited,http://www.silverlakeresources.com.au,,,,,,,,
538157,Big Blow - Coolgardie,Tindals Project,WA,operating mine,121.1725,-30.9736,Gold,6,Focus Minerals Limited,http://www.focusminerals.com.au/,,,,,,,,
546441,Lamb Creek (Mineral Resources),,WA,operating mine,118.873611,-22.813104,Iron,6,Iron Ore Holdings Ltd,http://www.ironoreholdings.com,,,,,,,,
550198,Abel,,NSW,operating mine,151.621127,-32.818419,Coal - black,6,,,,,,,,,,
556699,North East - Larsens,,NSW,operating mine,146.8469,-31.2184,Copper,6,Straits Resources Limited,http://www.straits.com.au,,,,,,,,
557206,Haoma,Mount Monger Project,WA,operating mine,121.9189,-31.0119,Gold,6,Silver Lake Resources Limited,http://www.silverlakeresources.com.au,,,,,,,,
557331,North Point,Burnside Project,NT,operating mine,131.5473,-13.5061,Gold,6,Crocodile Gold Corporation,http://www.crocgold.com/,,,,,,,,
557924,Wonnerup North,,WA,operating mine,115.4506,-33.653782,"Zircon, Ilmenite, (Rutile, Leucoxene)",6,,,,,,,,,,
558879,Carina Yilgarn Iron ( Polaris-Mineral Resources)),,WA,operating mine,119.998703,-30.45635,", (Iron, Iron ore)",6,Mineral Resources Ltd,http://www.mineralresources.com.au,,,,,,,,
558945,Hill 50 - Galaxy Pits,Mt Magnet Project,WA,operating mine,117.7955,-28.0352,Gold,6,Ramelius Resources Limited,http://www.rameliusresources.com.au,,,,,,,,
559051,Maxwells - Inglewood,Inglewood Project,VIC,operating mine,143.868,-36.552,Gold,6,GBM Gold Limited,http://www.gbmgold.com.au/home,,,,,,,,
559087,Costerfield Project,Costrefield Project,VIC,operating mine,144.8015,-36.8957,"Gold, (Antimony)",6,Mandalay Resources Corporation,http://www.mandalayresources.com/,,,,,,,,
559216,Peak Mines Project,"The Peak, New Cobar, New Occidental, Perseverance, Chesney",NSW,operating mine,145.869127,-31.553942,"Gold, Copper, (Silver)",6,New Gold Inc,http://www.newgold.com/,,,,,,,,
559455,Challenger - Mt McClure,Bronzewing Gold Project,WA,operating mine,120.9695,-27.566,Gold,6,Navigator Resources Limited,http://www.navigatorresources.com.au/,,,,,,,,
560238,North Royal Open Pit,Norseman Project,WA,operating mine,121.8087,-32.1326,Gold,6,Norseman Gold Plc,http://www.norsemangoldplc.com/,,,,,,,,
568979,Sherwin Creek - Roper River Iron (Sherwin Iron),,NT,operating mine,134.18386,-14.42532,", (Iron, Iron ore)",6,,,,,,,,,,
569187,Henry V,Wiluna Project,WA,operating mine,120.2436,-26.6199,Gold,6,Apex Minerals NL,http://www.apexminerals.com,,,,,,,,
569194,Burgandy - Calais,Wiluna Project,WA,operating mine,120.2421,-26.6235,Gold,6,Apex Minerals NL,http://www.apexminerals.com,Blackham Resources Limited,http://www.blackhamresources.com.au/,,,,,,
569196,Calais,Wiluna Project,WA,operating mine,120.2431,-26.6217,Gold,6,Apex Minerals NL,http://www.apexminerals.com,,,,,,,,
569199,East Lode,Wiluna Project,WA,operating mine,120.2397,-26.6337,Gold,6,Apex Minerals NL,http://www.apexminerals.com,Blackham Resources Limited,http://www.blackhamresources.com.au/,,,,,,
569536,Central Laverton Project,Central Laverton Project,WA,operating mine,122.39,-28.67,Gold,6,Focus Minerals Limited,http://www.focusminerals.com.au/,,,,,,,,
569538,Chatterbox Shear Project,Chatterbox Shear Project,WA,operating mine,122.317,-28.659,Gold,6,Focus Minerals Limited,http://www.focusminerals.com.au/,,,,,,,,
569882,Athena,St Ives Project,WA,operating mine,121.8049,-31.4006,Gold,6,Gold Fields Limited,http://www.goldfields.co.za/,,,,,,,,
569886,Bellerophon,St Ives Project,WA,operating mine,121.7929,-31.304,Gold,6,Gold Fields Limited,http://www.goldfields.co.za/,,,,,,,,
569895,Hamlet,St Ives Project,WA,operating mine,121.8122,-31.4001,Gold,6,Gold Fields Limited,http://www.goldfields.co.za/,,,,,,,,
569934,South Kalgoorlie Operations,South Kalgoorlie Operations,WA,operating mine,121.6148,-31.0385,Gold,6,Alacer Gold Corporation,http://www.alacergold.com/,,,,,,,,
569984,Hamersley Iron (Rio Tinto),,WA,operating mine,117.220398,-22.598301,", (Iron, Iron ore)",6,,,,,,,,,,
575760,WAIO (BHP),Western Australia Iron Ore Operation,WA,operating mine,118.57008,-20.308617,"Iron ore, (Iron)",6,,,,,,,,,,
576482,Waroonga,Agnew Gold Project,WA,operating mine,120.5046,-27.0078,Gold,6,Gold Fields Limited,http://www.goldfields.co.za/,,,,,,,,
577347,Darlot,Darlot Project,WA,operating mine,121.2689,-27.8875,Gold,6,Gold Fields Limited,http://www.goldfields.co.za/,,,,,,,,
577566,Tropicana,,WA,operating mine,124.5539,-29.2461,Gold,6,AngloGold Ashanti Limited,http://www.anglogoldashanti.com/,Independence Group NL,http://www.igo.com.au,,,,,,
577507,Eclipse - Mount Magnet,,WA,operating mine,117.8054,-28.1131,Gold,6,,,,,,,,,,
